10.809	0.5	-7.284	0	0	0	
10.809	0.5	-7.284	0	0	0	
10.809	0.5	-7.284	0	0	0	
10.809	0.5	-7.284	0	0	0	
10.809	0.5	-7.284	0	0	0	
10.809	0.5	-7.284	0	0	0	
10.809	0.5	-7.284	0	0	0	
10.809	0.5	-7.284	0	0	0	
10.809	0.5	-7.284	0	0	0	
10.809	0.5	-7.284	0	0	0	
10.809	0.5	-7.284	0	0	-4	
10.809	0.5	-7.284	0	0	-4	
10.809	0.5	-7.284	0	0	-4	
10.809	0.5	-7.284	0	0	-4	
10.809	0.5	-7.284	0	0	-4	
10.809	0.5	-7.284	0	0	-4	
10.809	0.5	-7.284	0	0	-4	
10.809	0.5	-7.284	0	0	-4	
10.809	0.5	-7.284	0	0	-4	
10.809	0.5	-7.284	0	0	-4	
10.809	0.5	-7.284	0	0	-8	
10.809	0.5	-7.284	0	0	-8	
10.809	0.5	-7.284	0	0	-8	
10.809	0.5	-7.284	0	0	-8	
10.809	0.5	-7.284	0	0	-8	
10.809	0.5	-7.284	0	0	-8	
10.809	0.5	-7.284	0	0	-8	
10.809	0.5	-7.284	0	0	-8	
10.809	0.5	-7.284	0	0	-8	
10.809	0.5	-7.284	0	0	-8	
10.809	0.5	-7.284	4	0	-8	
10.809	0.5	-7.284	4	0	-8	
10.809	0.5	-7.284	4	0	-8	
10.809	0.5	-7.284	4	0	-8	
10.809	0.5	-7.284	4	0	-8	
10.809	0.5	-7.284	4	0	-8	
10.809	0.5	-7.284	4	0	-8	
10.809	0.5	-7.284	4	0	-8	
10.809	0.5	-7.284	4	0	-8	
10.809	0.5	-7.284	4	0	-8	
13.358	0.5	10.656	0	0	0	
13.358	0.5	10.656	0	0	0	
13.358	0.5	10.656	0	0	0	
13.358	0.5	10.656	0	0	0	
13.358	0.5	10.656	0	0	0	
13.358	0.5	10.656	0	0	0	
13.358	0.5	10.656	0	0	0	
13.358	0.5	10.656	0	0	0	
13.358	0.5	10.656	0	0	0	
13.358	0.5	10.656	0	0	0	
13.358	0.5	10.656	4	0	0	
13.358	0.5	10.656	4	0	0	
13.358	0.5	10.656	4	0	0	
13.358	0.5	10.656	4	0	0	
13.358	0.5	10.656	4	0	0	
13.358	0.5	10.656	4	0	0	
13.358	0.5	10.656	4	0	0	
13.358	0.5	10.656	4	0	0	
13.358	0.5	10.656	4	0	0	
13.358	0.5	10.656	4	0	0	
13.358	0.5	10.656	8	0	0	
13.358	0.5	10.656	8	0	0	
13.358	0.5	10.656	8	0	0	
13.358	0.5	10.656	8	0	0	
13.358	0.5	10.656	8	0	0	
13.358	0.5	10.656	8	0	0	
13.358	0.5	10.656	8	0	0	
13.358	0.5	10.656	8	0	0	
13.358	0.5	10.656	8	0	0	
13.358	0.5	10.656	8	0	0	
13.358	0.5	10.656	12	0	0	
13.358	0.5	10.656	12	0	0	
13.358	0.5	10.656	12	0	0	
13.358	0.5	10.656	12	0	0	
13.358	0.5	10.656	12	0	0	
13.358	0.5	10.656	12	0	0	
13.358	0.5	10.656	12	0	0	
13.358	0.5	10.656	12	0	0	
13.358	0.5	10.656	12	0	0	
13.358	0.5	10.656	12	0	0	
13.358	0.5	10.656	12	0	4	
13.358	0.5	10.656	12	0	4	
13.358	0.5	10.656	12	0	4	
13.358	0.5	10.656	12	0	4	
13.358	0.5	10.656	12	0	4	
13.358	0.5	10.656	12	0	4	
13.358	0.5	10.656	12	0	4	
13.358	0.5	10.656	12	0	4	
13.358	0.5	10.656	12	0	4	
13.358	0.5	10.656	12	0	4	
23.537	0.5	-22.999	0	0	0	
23.537	0.5	-22.999	0	0	0	
23.537	0.5	-22.999	0	0	0	
23.537	0.5	-22.999	0	0	0	
23.537	0.5	-22.999	0	0	0	
23.537	0.5	-22.999	0	0	0	
23.537	0.5	-22.999	0	0	0	
23.537	0.5	-22.999	0	0	0	
23.537	0.5	-22.999	0	0	0	
23.537	0.5	-22.999	0	0	0	
23.537	0.5	-22.999	0	0	-4	
23.537	0.5	-22.999	0	0	-4	
23.537	0.5	-22.999	0	0	-4	
23.537	0.5	-22.999	0	0	-4	
23.537	0.5	-22.999	0	0	-4	
23.537	0.5	-22.999	0	0	-4	
23.537	0.5	-22.999	0	0	-4	
23.537	0.5	-22.999	0	0	-4	
23.537	0.5	-22.999	0	0	-4	
23.537	0.5	-22.999	0	0	-4	
23.537	0.5	-22.999	0	0	-8	
23.537	0.5	-22.999	0	0	-8	
23.537	0.5	-22.999	0	0	-8	
23.537	0.5	-22.999	0	0	-8	
23.537	0.5	-22.999	0	0	-8	
23.537	0.5	-22.999	0	0	-8	
23.537	0.5	-22.999	0	0	-8	
23.537	0.5	-22.999	0	0	-8	
23.537	0.5	-22.999	0	0	-8	
23.537	0.5	-22.999	0	0	-8	
23.537	0.5	-22.999	0	0	-12	
23.537	0.5	-22.999	0	0	-12	
23.537	0.5	-22.999	0	0	-12	
23.537	0.5	-22.999	0	0	-12	
23.537	0.5	-22.999	0	0	-12	
23.537	0.5	-22.999	0	0	-12	
23.537	0.5	-22.999	0	0	-12	
23.537	0.5	-22.999	0	0	-12	
23.537	0.5	-22.999	0	0	-12	
23.537	0.5	-22.999	0	0	-12	
23.537	0.5	-22.999	0	0	-16	
23.537	0.5	-22.999	0	0	-16	
23.537	0.5	-22.999	0	0	-16	
23.537	0.5	-22.999	0	0	-16	
23.537	0.5	-22.999	0	0	-16	
23.537	0.5	-22.999	0	0	-16	
23.537	0.5	-22.999	0	0	-16	
23.537	0.5	-22.999	0	0	-16	
23.537	0.5	-22.999	0	0	-16	
23.537	0.5	-22.999	0	0	-16	
23.537	0.5	-22.999	0	0	-20	
23.537	0.5	-22.999	0	0	-20	
23.537	0.5	-22.999	0	0	-20	
23.537	0.5	-22.999	0	0	-20	
23.537	0.5	-22.999	0	0	-20	
23.537	0.5	-22.999	0	0	-20	
23.537	0.5	-22.999	0	0	-20	
23.537	0.5	-22.999	0	0	-20	
23.537	0.5	-22.999	0	0	-20	
23.537	0.5	-22.999	0	0	-20	
23.537	0.5	-22.999	0	0	-24	
23.537	0.5	-22.999	0	0	-24	
23.537	0.5	-22.999	0	0	-24	
23.537	0.5	-22.999	0	0	-24	
23.537	0.5	-22.999	0	0	-24	
23.537	0.5	-22.999	0	0	-24	
23.537	0.5	-22.999	0	0	-24	
23.537	0.5	-22.999	0	0	-24	
23.537	0.5	-22.999	0	0	-24	
23.537	0.5	-22.999	0	0	-24	
23.537	0.5	-22.999	4	0	-24	
23.537	0.5	-22.999	4	0	-24	
23.537	0.5	-22.999	4	0	-24	
23.537	0.5	-22.999	4	0	-24	
23.537	0.5	-22.999	4	0	-24	
23.537	0.5	-22.999	4	0	-24	
23.537	0.5	-22.999	4	0	-24	
23.537	0.5	-22.999	4	0	-24	
23.537	0.5	-22.999	4	0	-24	
23.537	0.5	-22.999	4	0	-24	
23.537	0.5	-22.999	8	0	-24	
23.537	0.5	-22.999	8	0	-24	
23.537	0.5	-22.999	8	0	-24	
23.537	0.5	-22.999	8	0	-24	
23.537	0.5	-22.999	8	0	-24	
23.537	0.5	-22.999	8	0	-24	
23.537	0.5	-22.999	8	0	-24	
23.537	0.5	-22.999	8	0	-24	
23.537	0.5	-22.999	8	0	-24	
23.537	0.5	-22.999	8	0	-24	
23.537	0.5	-22.999	12	0	-24	
23.537	0.5	-22.999	12	0	-24	
23.537	0.5	-22.999	12	0	-24	
23.537	0.5	-22.999	12	0	-24	
23.537	0.5	-22.999	12	0	-24	
23.537	0.5	-22.999	12	0	-24	
23.537	0.5	-22.999	12	0	-24	
23.537	0.5	-22.999	12	0	-24	
23.537	0.5	-22.999	12	0	-24	
23.537	0.5	-22.999	12	0	-24	
23.537	0.5	-22.999	16	0	-24	
23.537	0.5	-22.999	16	0	-24	
23.537	0.5	-22.999	16	0	-24	
23.537	0.5	-22.999	16	0	-24	
23.537	0.5	-22.999	16	0	-24	
23.537	0.5	-22.999	16	0	-24	
23.537	0.5	-22.999	16	0	-24	
23.537	0.5	-22.999	16	0	-24	
23.537	0.5	-22.999	16	0	-24	
23.537	0.5	-22.999	16	0	-24	
12.037	0.5	-8.848	0	0	0	
12.037	0.5	-8.848	0	0	0	
12.037	0.5	-8.848	0	0	0	
12.037	0.5	-8.848	0	0	0	
12.037	0.5	-8.848	0	0	0	
12.037	0.5	-8.848	0	0	0	
12.037	0.5	-8.848	0	0	0	
12.037	0.5	-8.848	0	0	0	
12.037	0.5	-8.848	0	0	0	
12.037	0.5	-8.848	0	0	0	
12.037	0.5	-8.848	4	0	0	
12.037	0.5	-8.848	4	0	0	
12.037	0.5	-8.848	4	0	0	
12.037	0.5	-8.848	4	0	0	
12.037	0.5	-8.848	4	0	0	
12.037	0.5	-8.848	4	0	0	
12.037	0.5	-8.848	4	0	0	
12.037	0.5	-8.848	4	0	0	
12.037	0.5	-8.848	4	0	0	
12.037	0.5	-8.848	4	0	0	
12.037	0.5	-8.848	0	0	0	
12.037	0.5	-8.848	0	0	0	
12.037	0.5	-8.848	0	0	0	
12.037	0.5	-8.848	0	0	0	
12.037	0.5	-8.848	0	0	0	
12.037	0.5	-8.848	0	0	0	
12.037	0.5	-8.848	0	0	0	
12.037	0.5	-8.848	0	0	0	
12.037	0.5	-8.848	0	0	0	
12.037	0.5	-8.848	0	0	0	
12.037	0.5	-8.848	0	0	-4	
12.037	0.5	-8.848	0	0	-4	
12.037	0.5	-8.848	0	0	-4	
12.037	0.5	-8.848	0	0	-4	
12.037	0.5	-8.848	0	0	-4	
12.037	0.5	-8.848	0	0	-4	
12.037	0.5	-8.848	0	0	-4	
12.037	0.5	-8.848	0	0	-4	
12.037	0.5	-8.848	0	0	-4	
12.037	0.5	-8.848	0	0	-4	
12.037	0.5	-8.848	0	0	-8	
12.037	0.5	-8.848	0	0	-8	
12.037	0.5	-8.848	0	0	-8	
12.037	0.5	-8.848	0	0	-8	
12.037	0.5	-8.848	0	0	-8	
12.037	0.5	-8.848	0	0	-8	
12.037	0.5	-8.848	0	0	-8	
12.037	0.5	-8.848	0	0	-8	
12.037	0.5	-8.848	0	0	-8	
12.037	0.5	-8.848	0	0	-8	
12.037	0.5	-8.848	4	0	-8	
12.037	0.5	-8.848	4	0	-8	
12.037	0.5	-8.848	4	0	-8	
12.037	0.5	-8.848	4	0	-8	
12.037	0.5	-8.848	4	0	-8	
12.037	0.5	-8.848	4	0	-8	
12.037	0.5	-8.848	4	0	-8	
12.037	0.5	-8.848	4	0	-8	
12.037	0.5	-8.848	4	0	-8	
12.037	0.5	-8.848	4	0	-8	
21.681	0.5	5.313	0	0	0	
21.681	0.5	5.313	0	0	0	
21.681	0.5	5.313	0	0	0	
21.681	0.5	5.313	0	0	0	
21.681	0.5	5.313	0	0	0	
21.681	0.5	5.313	0	0	0	
21.681	0.5	5.313	0	0	0	
21.681	0.5	5.313	0	0	0	
21.681	0.5	5.313	0	0	0	
21.681	0.5	5.313	0	0	0	
21.681	0.5	5.313	4	0	0	
21.681	0.5	5.313	4	0	0	
21.681	0.5	5.313	4	0	0	
21.681	0.5	5.313	4	0	0	
21.681	0.5	5.313	4	0	0	
21.681	0.5	5.313	4	0	0	
21.681	0.5	5.313	4	0	0	
21.681	0.5	5.313	4	0	0	
21.681	0.5	5.313	4	0	0	
21.681	0.5	5.313	4	0	0	
21.681	0.5	5.313	8	0	0	
21.681	0.5	5.313	8	0	0	
21.681	0.5	5.313	8	0	0	
21.681	0.5	5.313	8	0	0	
21.681	0.5	5.313	8	0	0	
21.681	0.5	5.313	8	0	0	
21.681	0.5	5.313	8	0	0	
21.681	0.5	5.313	8	0	0	
21.681	0.5	5.313	8	0	0	
21.681	0.5	5.313	8	0	0	
21.681	0.5	5.313	12	0	0	
21.681	0.5	5.313	12	0	0	
21.681	0.5	5.313	12	0	0	
21.681	0.5	5.313	12	0	0	
21.681	0.5	5.313	12	0	0	
21.681	0.5	5.313	12	0	0	
21.681	0.5	5.313	12	0	0	
21.681	0.5	5.313	12	0	0	
21.681	0.5	5.313	12	0	0	
21.681	0.5	5.313	12	0	0	
21.681	0.5	5.313	16	0	0	
21.681	0.5	5.313	16	0	0	
21.681	0.5	5.313	16	0	0	
21.681	0.5	5.313	16	0	0	
21.681	0.5	5.313	16	0	0	
21.681	0.5	5.313	16	0	0	
21.681	0.5	5.313	16	0	0	
21.681	0.5	5.313	16	0	0	
21.681	0.5	5.313	16	0	0	
21.681	0.5	5.313	16	0	0	
21.681	0.5	5.313	20	0	0	
21.681	0.5	5.313	20	0	0	
21.681	0.5	5.313	20	0	0	
21.681	0.5	5.313	20	0	0	
21.681	0.5	5.313	20	0	0	
21.681	0.5	5.313	20	0	0	
21.681	0.5	5.313	20	0	0	
21.681	0.5	5.313	20	0	0	
21.681	0.5	5.313	20	0	0	
21.681	0.5	5.313	20	0	0	
-3.389	0.5	6.465	0	0	0	
-3.389	0.5	6.465	0	0	0	
-3.389	0.5	6.465	0	0	0	
-3.389	0.5	6.465	0	0	0	
-3.389	0.5	6.465	0	0	0	
-3.389	0.5	6.465	0	0	0	
-3.389	0.5	6.465	0	0	0	
-3.389	0.5	6.465	0	0	0	
-3.389	0.5	6.465	0	0	0	
-3.389	0.5	6.465	0	0	0	
-3.389	0.5	6.465	-4	0	0	
-3.389	0.5	6.465	-4	0	0	
-3.389	0.5	6.465	-4	0	0	
-3.389	0.5	6.465	-4	0	0	
-3.389	0.5	6.465	-4	0	0	
-3.389	0.5	6.465	-4	0	0	
-3.389	0.5	6.465	-4	0	0	
-3.389	0.5	6.465	-4	0	0	
-3.389	0.5	6.465	-4	0	0	
-3.389	0.5	6.465	-4	0	0	
-12.671	0.5	-8.508	0	0	0	
-12.671	0.5	-8.508	0	0	0	
-12.671	0.5	-8.508	0	0	0	
-12.671	0.5	-8.508	0	0	0	
-12.671	0.5	-8.508	0	0	0	
-12.671	0.5	-8.508	0	0	0	
-12.671	0.5	-8.508	0	0	0	
-12.671	0.5	-8.508	0	0	0	
-12.671	0.5	-8.508	0	0	0	
-12.671	0.5	-8.508	0	0	0	
-12.671	0.5	-8.508	0	0	-4	
-12.671	0.5	-8.508	0	0	-4	
-12.671	0.5	-8.508	0	0	-4	
-12.671	0.5	-8.508	0	0	-4	
-12.671	0.5	-8.508	0	0	-4	
-12.671	0.5	-8.508	0	0	-4	
-12.671	0.5	-8.508	0	0	-4	
-12.671	0.5	-8.508	0	0	-4	
-12.671	0.5	-8.508	0	0	-4	
-12.671	0.5	-8.508	0	0	-4	
-12.671	0.5	-8.508	0	0	-8	
-12.671	0.5	-8.508	0	0	-8	
-12.671	0.5	-8.508	0	0	-8	
-12.671	0.5	-8.508	0	0	-8	
-12.671	0.5	-8.508	0	0	-8	
-12.671	0.5	-8.508	0	0	-8	
-12.671	0.5	-8.508	0	0	-8	
-12.671	0.5	-8.508	0	0	-8	
-12.671	0.5	-8.508	0	0	-8	
-12.671	0.5	-8.508	0	0	-8	
-12.671	0.5	-8.508	-4	0	-8	
-12.671	0.5	-8.508	-4	0	-8	
-12.671	0.5	-8.508	-4	0	-8	
-12.671	0.5	-8.508	-4	0	-8	
-12.671	0.5	-8.508	-4	0	-8	
-12.671	0.5	-8.508	-4	0	-8	
-12.671	0.5	-8.508	-4	0	-8	
-12.671	0.5	-8.508	-4	0	-8	
-12.671	0.5	-8.508	-4	0	-8	
-12.671	0.5	-8.508	-4	0	-8	
-12.671	0.5	-8.508	-8	0	-8	
-12.671	0.5	-8.508	-8	0	-8	
-12.671	0.5	-8.508	-8	0	-8	
-12.671	0.5	-8.508	-8	0	-8	
-12.671	0.5	-8.508	-8	0	-8	
-12.671	0.5	-8.508	-8	0	-8	
-12.671	0.5	-8.508	-8	0	-8	
-12.671	0.5	-8.508	-8	0	-8	
-12.671	0.5	-8.508	-8	0	-8	
-12.671	0.5	-8.508	-8	0	-8	
-9.719	0.5	4.875	0	0	0	
-9.719	0.5	4.875	0	0	0	
-9.719	0.5	4.875	0	0	0	
-9.719	0.5	4.875	0	0	0	
-9.719	0.5	4.875	0	0	0	
-9.719	0.5	4.875	0	0	0	
-9.719	0.5	4.875	0	0	0	
-9.719	0.5	4.875	0	0	0	
-9.719	0.5	4.875	0	0	0	
-9.719	0.5	4.875	0	0	0	
-9.719	0.5	4.875	0	0	4	
-9.719	0.5	4.875	0	0	4	
-9.719	0.5	4.875	0	0	4	
-9.719	0.5	4.875	0	0	4	
-9.719	0.5	4.875	0	0	4	
-9.719	0.5	4.875	0	0	4	
-9.719	0.5	4.875	0	0	4	
-9.719	0.5	4.875	0	0	4	
-9.719	0.5	4.875	0	0	4	
-9.719	0.5	4.875	0	0	4	
-9.719	0.5	4.875	-4	0	4	
-9.719	0.5	4.875	-4	0	4	
-9.719	0.5	4.875	-4	0	4	
-9.719	0.5	4.875	-4	0	4	
-9.719	0.5	4.875	-4	0	4	
-9.719	0.5	4.875	-4	0	4	
-9.719	0.5	4.875	-4	0	4	
-9.719	0.5	4.875	-4	0	4	
-9.719	0.5	4.875	-4	0	4	
-9.719	0.5	4.875	-4	0	4	
6.54	0.5	17.648	0	0	0	
6.54	0.5	17.648	0	0	0	
6.54	0.5	17.648	0	0	0	
6.54	0.5	17.648	0	0	0	
6.54	0.5	17.648	0	0	0	
6.54	0.5	17.648	0	0	0	
6.54	0.5	17.648	0	0	0	
6.54	0.5	17.648	0	0	0	
6.54	0.5	17.648	0	0	0	
6.54	0.5	17.648	0	0	0	
6.54	0.5	17.648	0	0	4	
6.54	0.5	17.648	0	0	4	
6.54	0.5	17.648	0	0	4	
6.54	0.5	17.648	0	0	4	
6.54	0.5	17.648	0	0	4	
6.54	0.5	17.648	0	0	4	
6.54	0.5	17.648	0	0	4	
6.54	0.5	17.648	0	0	4	
6.54	0.5	17.648	0	0	4	
6.54	0.5	17.648	0	0	4	
6.54	0.5	17.648	0	0	8	
6.54	0.5	17.648	0	0	8	
6.54	0.5	17.648	0	0	8	
6.54	0.5	17.648	0	0	8	
6.54	0.5	17.648	0	0	8	
6.54	0.5	17.648	0	0	8	
6.54	0.5	17.648	0	0	8	
6.54	0.5	17.648	0	0	8	
6.54	0.5	17.648	0	0	8	
6.54	0.5	17.648	0	0	8	
6.54	0.5	17.648	0	0	12	
6.54	0.5	17.648	0	0	12	
6.54	0.5	17.648	0	0	12	
6.54	0.5	17.648	0	0	12	
6.54	0.5	17.648	0	0	12	
6.54	0.5	17.648	0	0	12	
6.54	0.5	17.648	0	0	12	
6.54	0.5	17.648	0	0	12	
6.54	0.5	17.648	0	0	12	
6.54	0.5	17.648	0	0	12	
6.54	0.5	17.648	0	0	16	
6.54	0.5	17.648	0	0	16	
6.54	0.5	17.648	0	0	16	
6.54	0.5	17.648	0	0	16	
6.54	0.5	17.648	0	0	16	
6.54	0.5	17.648	0	0	16	
6.54	0.5	17.648	0	0	16	
6.54	0.5	17.648	0	0	16	
6.54	0.5	17.648	0	0	16	
6.54	0.5	17.648	0	0	16	
-23.307	0.5	4.203	0	0	0	
-23.307	0.5	4.203	0	0	0	
-23.307	0.5	4.203	0	0	0	
-23.307	0.5	4.203	0	0	0	
-23.307	0.5	4.203	0	0	0	
-23.307	0.5	4.203	0	0	0	
-23.307	0.5	4.203	0	0	0	
-23.307	0.5	4.203	0	0	0	
-23.307	0.5	4.203	0	0	0	
-23.307	0.5	4.203	0	0	0	
-23.307	0.5	4.203	4	0	0	
-23.307	0.5	4.203	4	0	0	
-23.307	0.5	4.203	4	0	0	
-23.307	0.5	4.203	4	0	0	
-23.307	0.5	4.203	4	0	0	
-23.307	0.5	4.203	4	0	0	
-23.307	0.5	4.203	4	0	0	
-23.307	0.5	4.203	4	0	0	
-23.307	0.5	4.203	4	0	0	
-23.307	0.5	4.203	4	0	0	
-23.307	0.5	4.203	0	0	0	
-23.307	0.5	4.203	0	0	0	
-23.307	0.5	4.203	0	0	0	
-23.307	0.5	4.203	0	0	0	
-23.307	0.5	4.203	0	0	0	
-23.307	0.5	4.203	0	0	0	
-23.307	0.5	4.203	0	0	0	
-23.307	0.5	4.203	0	0	0	
-23.307	0.5	4.203	0	0	0	
-23.307	0.5	4.203	0	0	0	
-23.307	0.5	4.203	-4	0	0	
-23.307	0.5	4.203	-4	0	0	
-23.307	0.5	4.203	-4	0	0	
-23.307	0.5	4.203	-4	0	0	
-23.307	0.5	4.203	-4	0	0	
-23.307	0.5	4.203	-4	0	0	
-23.307	0.5	4.203	-4	0	0	
-23.307	0.5	4.203	-4	0	0	
-23.307	0.5	4.203	-4	0	0	
-23.307	0.5	4.203	-4	0	0	
-23.307	0.5	4.203	-8	0	0	
-23.307	0.5	4.203	-8	0	0	
-23.307	0.5	4.203	-8	0	0	
-23.307	0.5	4.203	-8	0	0	
-23.307	0.5	4.203	-8	0	0	
-23.307	0.5	4.203	-8	0	0	
-23.307	0.5	4.203	-8	0	0	
-23.307	0.5	4.203	-8	0	0	
-23.307	0.5	4.203	-8	0	0	
-23.307	0.5	4.203	-8	0	0	
-23.307	0.5	4.203	-12	0	0	
-23.307	0.5	4.203	-12	0	0	
-23.307	0.5	4.203	-12	0	0	
-23.307	0.5	4.203	-12	0	0	
-23.307	0.5	4.203	-12	0	0	
-23.307	0.5	4.203	-12	0	0	
-23.307	0.5	4.203	-12	0	0	
-23.307	0.5	4.203	-12	0	0	
-23.307	0.5	4.203	-12	0	0	
-23.307	0.5	4.203	-12	0	0	
-23.307	0.5	4.203	-16	0	0	
-23.307	0.5	4.203	-16	0	0	
-23.307	0.5	4.203	-16	0	0	
-23.307	0.5	4.203	-16	0	0	
-23.307	0.5	4.203	-16	0	0	
-23.307	0.5	4.203	-16	0	0	
-23.307	0.5	4.203	-16	0	0	
-23.307	0.5	4.203	-16	0	0	
-23.307	0.5	4.203	-16	0	0	
-23.307	0.5	4.203	-16	0	0	
2.506	0.5	-17.867	0	0	0	
2.506	0.5	-17.867	0	0	0	
2.506	0.5	-17.867	0	0	0	
2.506	0.5	-17.867	0	0	0	
2.506	0.5	-17.867	0	0	0	
2.506	0.5	-17.867	0	0	0	
2.506	0.5	-17.867	0	0	0	
2.506	0.5	-17.867	0	0	0	
2.506	0.5	-17.867	0	0	0	
2.506	0.5	-17.867	0	0	0	
2.506	0.5	-17.867	0	0	-4	
2.506	0.5	-17.867	0	0	-4	
2.506	0.5	-17.867	0	0	-4	
2.506	0.5	-17.867	0	0	-4	
2.506	0.5	-17.867	0	0	-4	
2.506	0.5	-17.867	0	0	-4	
2.506	0.5	-17.867	0	0	-4	
2.506	0.5	-17.867	0	0	-4	
2.506	0.5	-17.867	0	0	-4	
2.506	0.5	-17.867	0	0	-4	
2.506	0.5	-17.867	0	0	-8	
2.506	0.5	-17.867	0	0	-8	
2.506	0.5	-17.867	0	0	-8	
2.506	0.5	-17.867	0	0	-8	
2.506	0.5	-17.867	0	0	-8	
2.506	0.5	-17.867	0	0	-8	
2.506	0.5	-17.867	0	0	-8	
2.506	0.5	-17.867	0	0	-8	
2.506	0.5	-17.867	0	0	-8	
2.506	0.5	-17.867	0	0	-8	
2.506	0.5	-17.867	0	0	-12	
2.506	0.5	-17.867	0	0	-12	
2.506	0.5	-17.867	0	0	-12	
2.506	0.5	-17.867	0	0	-12	
2.506	0.5	-17.867	0	0	-12	
2.506	0.5	-17.867	0	0	-12	
2.506	0.5	-17.867	0	0	-12	
2.506	0.5	-17.867	0	0	-12	
2.506	0.5	-17.867	0	0	-12	
2.506	0.5	-17.867	0	0	-12	
-15.736	0.5	-16.45	0	0	0	
-15.736	0.5	-16.45	0	0	0	
-15.736	0.5	-16.45	0	0	0	
-15.736	0.5	-16.45	0	0	0	
-15.736	0.5	-16.45	0	0	0	
-15.736	0.5	-16.45	0	0	0	
-15.736	0.5	-16.45	0	0	0	
-15.736	0.5	-16.45	0	0	0	
-15.736	0.5	-16.45	0	0	0	
-15.736	0.5	-16.45	0	0	0	
-15.736	0.5	-16.45	0	0	-4	
-15.736	0.5	-16.45	0	0	-4	
-15.736	0.5	-16.45	0	0	-4	
-15.736	0.5	-16.45	0	0	-4	
-15.736	0.5	-16.45	0	0	-4	
-15.736	0.5	-16.45	0	0	-4	
-15.736	0.5	-16.45	0	0	-4	
-15.736	0.5	-16.45	0	0	-4	
-15.736	0.5	-16.45	0	0	-4	
-15.736	0.5	-16.45	0	0	-4	
-15.736	0.5	-16.45	0	0	-8	
-15.736	0.5	-16.45	0	0	-8	
-15.736	0.5	-16.45	0	0	-8	
-15.736	0.5	-16.45	0	0	-8	
-15.736	0.5	-16.45	0	0	-8	
-15.736	0.5	-16.45	0	0	-8	
-15.736	0.5	-16.45	0	0	-8	
-15.736	0.5	-16.45	0	0	-8	
-15.736	0.5	-16.45	0	0	-8	
-15.736	0.5	-16.45	0	0	-8	
-15.736	0.5	-16.45	0	0	-12	
-15.736	0.5	-16.45	0	0	-12	
-15.736	0.5	-16.45	0	0	-12	
-15.736	0.5	-16.45	0	0	-12	
-15.736	0.5	-16.45	0	0	-12	
-15.736	0.5	-16.45	0	0	-12	
-15.736	0.5	-16.45	0	0	-12	
-15.736	0.5	-16.45	0	0	-12	
-15.736	0.5	-16.45	0	0	-12	
-15.736	0.5	-16.45	0	0	-12	
-15.736	0.5	-16.45	0	0	-16	
-15.736	0.5	-16.45	0	0	-16	
-15.736	0.5	-16.45	0	0	-16	
-15.736	0.5	-16.45	0	0	-16	
-15.736	0.5	-16.45	0	0	-16	
-15.736	0.5	-16.45	0	0	-16	
-15.736	0.5	-16.45	0	0	-16	
-15.736	0.5	-16.45	0	0	-16	
-15.736	0.5	-16.45	0	0	-16	
-15.736	0.5	-16.45	0	0	-16	
-15.736	0.5	-16.45	-4	0	-16	
-15.736	0.5	-16.45	-4	0	-16	
-15.736	0.5	-16.45	-4	0	-16	
-15.736	0.5	-16.45	-4	0	-16	
-15.736	0.5	-16.45	-4	0	-16	
-15.736	0.5	-16.45	-4	0	-16	
-15.736	0.5	-16.45	-4	0	-16	
-15.736	0.5	-16.45	-4	0	-16	
-15.736	0.5	-16.45	-4	0	-16	
-15.736	0.5	-16.45	-4	0	-16	
-15.736	0.5	-16.45	-8	0	-16	
-15.736	0.5	-16.45	-8	0	-16	
-15.736	0.5	-16.45	-8	0	-16	
-15.736	0.5	-16.45	-8	0	-16	
-15.736	0.5	-16.45	-8	0	-16	
-15.736	0.5	-16.45	-8	0	-16	
-15.736	0.5	-16.45	-8	0	-16	
-15.736	0.5	-16.45	-8	0	-16	
-15.736	0.5	-16.45	-8	0	-16	
-15.736	0.5	-16.45	-8	0	-16	
4.273	0.5	-15.284	0	0	0	
4.273	0.5	-15.284	0	0	0	
4.273	0.5	-15.284	0	0	0	
4.273	0.5	-15.284	0	0	0	
4.273	0.5	-15.284	0	0	0	
4.273	0.5	-15.284	0	0	0	
4.273	0.5	-15.284	0	0	0	
4.273	0.5	-15.284	0	0	0	
4.273	0.5	-15.284	0	0	0	
4.273	0.5	-15.284	0	0	0	
4.273	0.5	-15.284	0	0	-4	
4.273	0.5	-15.284	0	0	-4	
4.273	0.5	-15.284	0	0	-4	
4.273	0.5	-15.284	0	0	-4	
4.273	0.5	-15.284	0	0	-4	
4.273	0.5	-15.284	0	0	-4	
4.273	0.5	-15.284	0	0	-4	
4.273	0.5	-15.284	0	0	-4	
4.273	0.5	-15.284	0	0	-4	
4.273	0.5	-15.284	0	0	-4	
4.273	0.5	-15.284	0	0	-8	
4.273	0.5	-15.284	0	0	-8	
4.273	0.5	-15.284	0	0	-8	
4.273	0.5	-15.284	0	0	-8	
4.273	0.5	-15.284	0	0	-8	
4.273	0.5	-15.284	0	0	-8	
4.273	0.5	-15.284	0	0	-8	
4.273	0.5	-15.284	0	0	-8	
4.273	0.5	-15.284	0	0	-8	
4.273	0.5	-15.284	0	0	-8	
-22.181	0.5	8.594	0	0	0	
-22.181	0.5	8.594	0	0	0	
-22.181	0.5	8.594	0	0	0	
-22.181	0.5	8.594	0	0	0	
-22.181	0.5	8.594	0	0	0	
-22.181	0.5	8.594	0	0	0	
-22.181	0.5	8.594	0	0	0	
-22.181	0.5	8.594	0	0	0	
-22.181	0.5	8.594	0	0	0	
-22.181	0.5	8.594	0	0	0	
-22.181	0.5	8.594	0	0	-4	
-22.181	0.5	8.594	0	0	-4	
-22.181	0.5	8.594	0	0	-4	
-22.181	0.5	8.594	0	0	-4	
-22.181	0.5	8.594	0	0	-4	
-22.181	0.5	8.594	0	0	-4	
-22.181	0.5	8.594	0	0	-4	
-22.181	0.5	8.594	0	0	-4	
-22.181	0.5	8.594	0	0	-4	
-22.181	0.5	8.594	0	0	-4	
-22.181	0.5	8.594	-4	0	-4	
-22.181	0.5	8.594	-4	0	-4	
-22.181	0.5	8.594	-4	0	-4	
-22.181	0.5	8.594	-4	0	-4	
-22.181	0.5	8.594	-4	0	-4	
-22.181	0.5	8.594	-4	0	-4	
-22.181	0.5	8.594	-4	0	-4	
-22.181	0.5	8.594	-4	0	-4	
-22.181	0.5	8.594	-4	0	-4	
-22.181	0.5	8.594	-4	0	-4	
-22.181	0.5	8.594	-8	0	-4	
-22.181	0.5	8.594	-8	0	-4	
-22.181	0.5	8.594	-8	0	-4	
-22.181	0.5	8.594	-8	0	-4	
-22.181	0.5	8.594	-8	0	-4	
-22.181	0.5	8.594	-8	0	-4	
-22.181	0.5	8.594	-8	0	-4	
-22.181	0.5	8.594	-8	0	-4	
-22.181	0.5	8.594	-8	0	-4	
-22.181	0.5	8.594	-8	0	-4	
-22.181	0.5	8.594	-12	0	-4	
-22.181	0.5	8.594	-12	0	-4	
-22.181	0.5	8.594	-12	0	-4	
-22.181	0.5	8.594	-12	0	-4	
-22.181	0.5	8.594	-12	0	-4	
-22.181	0.5	8.594	-12	0	-4	
-22.181	0.5	8.594	-12	0	-4	
-22.181	0.5	8.594	-12	0	-4	
-22.181	0.5	8.594	-12	0	-4	
-22.181	0.5	8.594	-12	0	-4	
-22.181	0.5	8.594	-16	0	-4	
-22.181	0.5	8.594	-16	0	-4	
-22.181	0.5	8.594	-16	0	-4	
-22.181	0.5	8.594	-16	0	-4	
-22.181	0.5	8.594	-16	0	-4	
-22.181	0.5	8.594	-16	0	-4	
-22.181	0.5	8.594	-16	0	-4	
-22.181	0.5	8.594	-16	0	-4	
-22.181	0.5	8.594	-16	0	-4	
-22.181	0.5	8.594	-16	0	-4	
-22.181	0.5	8.594	-20	0	-4	
-22.181	0.5	8.594	-20	0	-4	
-22.181	0.5	8.594	-20	0	-4	
-22.181	0.5	8.594	-20	0	-4	
-22.181	0.5	8.594	-20	0	-4	
-22.181	0.5	8.594	-20	0	-4	
-22.181	0.5	8.594	-20	0	-4	
-22.181	0.5	8.594	-20	0	-4	
-22.181	0.5	8.594	-20	0	-4	
-22.181	0.5	8.594	-20	0	-4	
-22.181	0.5	8.594	-24	0	-4	
-22.181	0.5	8.594	-24	0	-4	
-22.181	0.5	8.594	-24	0	-4	
-22.181	0.5	8.594	-24	0	-4	
-22.181	0.5	8.594	-24	0	-4	
-22.181	0.5	8.594	-24	0	-4	
-22.181	0.5	8.594	-24	0	-4	
-22.181	0.5	8.594	-24	0	-4	
-22.181	0.5	8.594	-24	0	-4	
-22.181	0.5	8.594	-24	0	-4	
-22.181	0.5	8.594	-24	0	0	
-22.181	0.5	8.594	-24	0	0	
-22.181	0.5	8.594	-24	0	0	
-22.181	0.5	8.594	-24	0	0	
-22.181	0.5	8.594	-24	0	0	
-22.181	0.5	8.594	-24	0	0	
-22.181	0.5	8.594	-24	0	0	
-22.181	0.5	8.594	-24	0	0	
-22.181	0.5	8.594	-24	0	0	
-22.181	0.5	8.594	-24	0	0	
21.101	0.5	23.192	0	0	0	
21.101	0.5	23.192	0	0	0	
21.101	0.5	23.192	0	0	0	
21.101	0.5	23.192	0	0	0	
21.101	0.5	23.192	0	0	0	
21.101	0.5	23.192	0	0	0	
21.101	0.5	23.192	0	0	0	
21.101	0.5	23.192	0	0	0	
21.101	0.5	23.192	0	0	0	
21.101	0.5	23.192	0	0	0	
21.101	0.5	23.192	0	0	4	
21.101	0.5	23.192	0	0	4	
21.101	0.5	23.192	0	0	4	
21.101	0.5	23.192	0	0	4	
21.101	0.5	23.192	0	0	4	
21.101	0.5	23.192	0	0	4	
21.101	0.5	23.192	0	0	4	
21.101	0.5	23.192	0	0	4	
21.101	0.5	23.192	0	0	4	
21.101	0.5	23.192	0	0	4	
21.101	0.5	23.192	0	0	8	
21.101	0.5	23.192	0	0	8	
21.101	0.5	23.192	0	0	8	
21.101	0.5	23.192	0	0	8	
21.101	0.5	23.192	0	0	8	
21.101	0.5	23.192	0	0	8	
21.101	0.5	23.192	0	0	8	
21.101	0.5	23.192	0	0	8	
21.101	0.5	23.192	0	0	8	
21.101	0.5	23.192	0	0	8	
21.101	0.5	23.192	0	0	12	
21.101	0.5	23.192	0	0	12	
21.101	0.5	23.192	0	0	12	
21.101	0.5	23.192	0	0	12	
21.101	0.5	23.192	0	0	12	
21.101	0.5	23.192	0	0	12	
21.101	0.5	23.192	0	0	12	
21.101	0.5	23.192	0	0	12	
21.101	0.5	23.192	0	0	12	
21.101	0.5	23.192	0	0	12	
21.101	0.5	23.192	0	0	16	
21.101	0.5	23.192	0	0	16	
21.101	0.5	23.192	0	0	16	
21.101	0.5	23.192	0	0	16	
21.101	0.5	23.192	0	0	16	
21.101	0.5	23.192	0	0	16	
21.101	0.5	23.192	0	0	16	
21.101	0.5	23.192	0	0	16	
21.101	0.5	23.192	0	0	16	
21.101	0.5	23.192	0	0	16	
21.101	0.5	23.192	0	0	20	
21.101	0.5	23.192	0	0	20	
21.101	0.5	23.192	0	0	20	
21.101	0.5	23.192	0	0	20	
21.101	0.5	23.192	0	0	20	
21.101	0.5	23.192	0	0	20	
21.101	0.5	23.192	0	0	20	
21.101	0.5	23.192	0	0	20	
21.101	0.5	23.192	0	0	20	
21.101	0.5	23.192	0	0	20	
21.101	0.5	23.192	0	0	24	
21.101	0.5	23.192	0	0	24	
21.101	0.5	23.192	0	0	24	
21.101	0.5	23.192	0	0	24	
21.101	0.5	23.192	0	0	24	
21.101	0.5	23.192	0	0	24	
21.101	0.5	23.192	0	0	24	
21.101	0.5	23.192	0	0	24	
21.101	0.5	23.192	0	0	24	
21.101	0.5	23.192	0	0	24	
21.101	0.5	23.192	4	0	24	
21.101	0.5	23.192	4	0	24	
21.101	0.5	23.192	4	0	24	
21.101	0.5	23.192	4	0	24	
21.101	0.5	23.192	4	0	24	
21.101	0.5	23.192	4	0	24	
21.101	0.5	23.192	4	0	24	
21.101	0.5	23.192	4	0	24	
21.101	0.5	23.192	4	0	24	
21.101	0.5	23.192	4	0	24	
21.101	0.5	23.192	8	0	24	
21.101	0.5	23.192	8	0	24	
21.101	0.5	23.192	8	0	24	
21.101	0.5	23.192	8	0	24	
21.101	0.5	23.192	8	0	24	
21.101	0.5	23.192	8	0	24	
21.101	0.5	23.192	8	0	24	
21.101	0.5	23.192	8	0	24	
21.101	0.5	23.192	8	0	24	
21.101	0.5	23.192	8	0	24	
21.101	0.5	23.192	12	0	24	
21.101	0.5	23.192	12	0	24	
21.101	0.5	23.192	12	0	24	
21.101	0.5	23.192	12	0	24	
21.101	0.5	23.192	12	0	24	
21.101	0.5	23.192	12	0	24	
21.101	0.5	23.192	12	0	24	
21.101	0.5	23.192	12	0	24	
21.101	0.5	23.192	12	0	24	
21.101	0.5	23.192	12	0	24	
21.101	0.5	23.192	16	0	24	
21.101	0.5	23.192	16	0	24	
21.101	0.5	23.192	16	0	24	
21.101	0.5	23.192	16	0	24	
21.101	0.5	23.192	16	0	24	
21.101	0.5	23.192	16	0	24	
21.101	0.5	23.192	16	0	24	
21.101	0.5	23.192	16	0	24	
21.101	0.5	23.192	16	0	24	
21.101	0.5	23.192	16	0	24	
17.651	0.5	-21.331	0	0	0	
17.651	0.5	-21.331	0	0	0	
17.651	0.5	-21.331	0	0	0	
17.651	0.5	-21.331	0	0	0	
17.651	0.5	-21.331	0	0	0	
17.651	0.5	-21.331	0	0	0	
17.651	0.5	-21.331	0	0	0	
17.651	0.5	-21.331	0	0	0	
17.651	0.5	-21.331	0	0	0	
17.651	0.5	-21.331	0	0	0	
17.651	0.5	-21.331	0	0	-4	
17.651	0.5	-21.331	0	0	-4	
17.651	0.5	-21.331	0	0	-4	
17.651	0.5	-21.331	0	0	-4	
17.651	0.5	-21.331	0	0	-4	
17.651	0.5	-21.331	0	0	-4	
17.651	0.5	-21.331	0	0	-4	
17.651	0.5	-21.331	0	0	-4	
17.651	0.5	-21.331	0	0	-4	
17.651	0.5	-21.331	0	0	-4	
17.651	0.5	-21.331	0	0	-8	
17.651	0.5	-21.331	0	0	-8	
17.651	0.5	-21.331	0	0	-8	
17.651	0.5	-21.331	0	0	-8	
17.651	0.5	-21.331	0	0	-8	
17.651	0.5	-21.331	0	0	-8	
17.651	0.5	-21.331	0	0	-8	
17.651	0.5	-21.331	0	0	-8	
17.651	0.5	-21.331	0	0	-8	
17.651	0.5	-21.331	0	0	-8	
17.651	0.5	-21.331	0	0	-12	
17.651	0.5	-21.331	0	0	-12	
17.651	0.5	-21.331	0	0	-12	
17.651	0.5	-21.331	0	0	-12	
17.651	0.5	-21.331	0	0	-12	
17.651	0.5	-21.331	0	0	-12	
17.651	0.5	-21.331	0	0	-12	
17.651	0.5	-21.331	0	0	-12	
17.651	0.5	-21.331	0	0	-12	
17.651	0.5	-21.331	0	0	-12	
17.651	0.5	-21.331	0	0	-16	
17.651	0.5	-21.331	0	0	-16	
17.651	0.5	-21.331	0	0	-16	
17.651	0.5	-21.331	0	0	-16	
17.651	0.5	-21.331	0	0	-16	
17.651	0.5	-21.331	0	0	-16	
17.651	0.5	-21.331	0	0	-16	
17.651	0.5	-21.331	0	0	-16	
17.651	0.5	-21.331	0	0	-16	
17.651	0.5	-21.331	0	0	-16	
17.651	0.5	-21.331	0	0	-20	
17.651	0.5	-21.331	0	0	-20	
17.651	0.5	-21.331	0	0	-20	
17.651	0.5	-21.331	0	0	-20	
17.651	0.5	-21.331	0	0	-20	
17.651	0.5	-21.331	0	0	-20	
17.651	0.5	-21.331	0	0	-20	
17.651	0.5	-21.331	0	0	-20	
17.651	0.5	-21.331	0	0	-20	
17.651	0.5	-21.331	0	0	-20	
17.651	0.5	-21.331	0	0	-24	
17.651	0.5	-21.331	0	0	-24	
17.651	0.5	-21.331	0	0	-24	
17.651	0.5	-21.331	0	0	-24	
17.651	0.5	-21.331	0	0	-24	
17.651	0.5	-21.331	0	0	-24	
17.651	0.5	-21.331	0	0	-24	
17.651	0.5	-21.331	0	0	-24	
17.651	0.5	-21.331	0	0	-24	
17.651	0.5	-21.331	0	0	-24	
17.651	0.5	-21.331	4	0	-24	
17.651	0.5	-21.331	4	0	-24	
17.651	0.5	-21.331	4	0	-24	
17.651	0.5	-21.331	4	0	-24	
17.651	0.5	-21.331	4	0	-24	
17.651	0.5	-21.331	4	0	-24	
17.651	0.5	-21.331	4	0	-24	
17.651	0.5	-21.331	4	0	-24	
17.651	0.5	-21.331	4	0	-24	
17.651	0.5	-21.331	4	0	-24	
17.651	0.5	-21.331	8	0	-24	
17.651	0.5	-21.331	8	0	-24	
17.651	0.5	-21.331	8	0	-24	
17.651	0.5	-21.331	8	0	-24	
17.651	0.5	-21.331	8	0	-24	
17.651	0.5	-21.331	8	0	-24	
17.651	0.5	-21.331	8	0	-24	
17.651	0.5	-21.331	8	0	-24	
17.651	0.5	-21.331	8	0	-24	
17.651	0.5	-21.331	8	0	-24	
17.651	0.5	-21.331	12	0	-24	
17.651	0.5	-21.331	12	0	-24	
17.651	0.5	-21.331	12	0	-24	
17.651	0.5	-21.331	12	0	-24	
17.651	0.5	-21.331	12	0	-24	
17.651	0.5	-21.331	12	0	-24	
17.651	0.5	-21.331	12	0	-24	
17.651	0.5	-21.331	12	0	-24	
17.651	0.5	-21.331	12	0	-24	
17.651	0.5	-21.331	12	0	-24	
13.29	0.5	-1.026	0	0	0	
13.29	0.5	-1.026	0	0	0	
13.29	0.5	-1.026	0	0	0	
13.29	0.5	-1.026	0	0	0	
13.29	0.5	-1.026	0	0	0	
13.29	0.5	-1.026	0	0	0	
13.29	0.5	-1.026	0	0	0	
13.29	0.5	-1.026	0	0	0	
13.29	0.5	-1.026	0	0	0	
13.29	0.5	-1.026	0	0	0	
13.29	0.5	-1.026	4	0	0	
13.29	0.5	-1.026	4	0	0	
13.29	0.5	-1.026	4	0	0	
13.29	0.5	-1.026	4	0	0	
13.29	0.5	-1.026	4	0	0	
13.29	0.5	-1.026	4	0	0	
13.29	0.5	-1.026	4	0	0	
13.29	0.5	-1.026	4	0	0	
13.29	0.5	-1.026	4	0	0	
13.29	0.5	-1.026	4	0	0	
13.29	0.5	-1.026	8	0	0	
13.29	0.5	-1.026	8	0	0	
13.29	0.5	-1.026	8	0	0	
13.29	0.5	-1.026	8	0	0	
13.29	0.5	-1.026	8	0	0	
13.29	0.5	-1.026	8	0	0	
13.29	0.5	-1.026	8	0	0	
13.29	0.5	-1.026	8	0	0	
13.29	0.5	-1.026	8	0	0	
13.29	0.5	-1.026	8	0	0	
0.886	0.5	1.64	0	0	0	
0.886	0.5	1.64	0	0	0	
0.886	0.5	1.64	0	0	0	
0.886	0.5	1.64	0	0	0	
0.886	0.5	1.64	0	0	0	
0.886	0.5	1.64	0	0	0	
0.886	0.5	1.64	0	0	0	
0.886	0.5	1.64	0	0	0	
0.886	0.5	1.64	0	0	0	
0.886	0.5	1.64	0	0	0	
0.886	0.5	1.64	4	0	0	
0.886	0.5	1.64	4	0	0	
0.886	0.5	1.64	4	0	0	
0.886	0.5	1.64	4	0	0	
0.886	0.5	1.64	4	0	0	
0.886	0.5	1.64	4	0	0	
0.886	0.5	1.64	4	0	0	
0.886	0.5	1.64	4	0	0	
0.886	0.5	1.64	4	0	0	
0.886	0.5	1.64	4	0	0	
0.886	0.5	1.64	0	0	0	
0.886	0.5	1.64	0	0	0	
0.886	0.5	1.64	0	0	0	
0.886	0.5	1.64	0	0	0	
0.886	0.5	1.64	0	0	0	
0.886	0.5	1.64	0	0	0	
0.886	0.5	1.64	0	0	0	
0.886	0.5	1.64	0	0	0	
0.886	0.5	1.64	0	0	0	
0.886	0.5	1.64	0	0	0	
0.886	0.5	1.64	-4	0	0	
0.886	0.5	1.64	-4	0	0	
0.886	0.5	1.64	-4	0	0	
0.886	0.5	1.64	-4	0	0	
0.886	0.5	1.64	-4	0	0	
0.886	0.5	1.64	-4	0	0	
0.886	0.5	1.64	-4	0	0	
0.886	0.5	1.64	-4	0	0	
0.886	0.5	1.64	-4	0	0	
0.886	0.5	1.64	-4	0	0	
0.886	0.5	1.64	-8	0	0	
0.886	0.5	1.64	-8	0	0	
0.886	0.5	1.64	-8	0	0	
0.886	0.5	1.64	-8	0	0	
0.886	0.5	1.64	-8	0	0	
0.886	0.5	1.64	-8	0	0	
0.886	0.5	1.64	-8	0	0	
0.886	0.5	1.64	-8	0	0	
0.886	0.5	1.64	-8	0	0	
0.886	0.5	1.64	-8	0	0	
0.886	0.5	1.64	-12	0	0	
0.886	0.5	1.64	-12	0	0	
0.886	0.5	1.64	-12	0	0	
0.886	0.5	1.64	-12	0	0	
0.886	0.5	1.64	-12	0	0	
0.886	0.5	1.64	-12	0	0	
0.886	0.5	1.64	-12	0	0	
0.886	0.5	1.64	-12	0	0	
0.886	0.5	1.64	-12	0	0	
0.886	0.5	1.64	-12	0	0	
0.886	0.5	1.64	-8	0	0	
0.886	0.5	1.64	-8	0	0	
0.886	0.5	1.64	-8	0	0	
0.886	0.5	1.64	-8	0	0	
0.886	0.5	1.64	-8	0	0	
0.886	0.5	1.64	-8	0	0	
0.886	0.5	1.64	-8	0	0	
0.886	0.5	1.64	-8	0	0	
0.886	0.5	1.64	-8	0	0	
0.886	0.5	1.64	-8	0	0	
0.886	0.5	1.64	-4	0	0	
0.886	0.5	1.64	-4	0	0	
0.886	0.5	1.64	-4	0	0	
0.886	0.5	1.64	-4	0	0	
0.886	0.5	1.64	-4	0	0	
0.886	0.5	1.64	-4	0	0	
0.886	0.5	1.64	-4	0	0	
0.886	0.5	1.64	-4	0	0	
0.886	0.5	1.64	-4	0	0	
0.886	0.5	1.64	-4	0	0	
7.423	0.5	8.89	0	0	0	
7.423	0.5	8.89	0	0	0	
7.423	0.5	8.89	0	0	0	
7.423	0.5	8.89	0	0	0	
7.423	0.5	8.89	0	0	0	
7.423	0.5	8.89	0	0	0	
7.423	0.5	8.89	0	0	0	
7.423	0.5	8.89	0	0	0	
7.423	0.5	8.89	0	0	0	
7.423	0.5	8.89	0	0	0	
7.423	0.5	8.89	4	0	0	
7.423	0.5	8.89	4	0	0	
7.423	0.5	8.89	4	0	0	
7.423	0.5	8.89	4	0	0	
7.423	0.5	8.89	4	0	0	
7.423	0.5	8.89	4	0	0	
7.423	0.5	8.89	4	0	0	
7.423	0.5	8.89	4	0	0	
7.423	0.5	8.89	4	0	0	
7.423	0.5	8.89	4	0	0	
7.423	0.5	8.89	8	0	0	
7.423	0.5	8.89	8	0	0	
7.423	0.5	8.89	8	0	0	
7.423	0.5	8.89	8	0	0	
7.423	0.5	8.89	8	0	0	
7.423	0.5	8.89	8	0	0	
7.423	0.5	8.89	8	0	0	
7.423	0.5	8.89	8	0	0	
7.423	0.5	8.89	8	0	0	
7.423	0.5	8.89	8	0	0	
7.423	0.5	8.89	8	0	4	
7.423	0.5	8.89	8	0	4	
7.423	0.5	8.89	8	0	4	
7.423	0.5	8.89	8	0	4	
7.423	0.5	8.89	8	0	4	
7.423	0.5	8.89	8	0	4	
7.423	0.5	8.89	8	0	4	
7.423	0.5	8.89	8	0	4	
7.423	0.5	8.89	8	0	4	
7.423	0.5	8.89	8	0	4	
-2.276	0.5	-20.89	0	0	0	
-2.276	0.5	-20.89	0	0	0	
-2.276	0.5	-20.89	0	0	0	
-2.276	0.5	-20.89	0	0	0	
-2.276	0.5	-20.89	0	0	0	
-2.276	0.5	-20.89	0	0	0	
-2.276	0.5	-20.89	0	0	0	
-2.276	0.5	-20.89	0	0	0	
-2.276	0.5	-20.89	0	0	0	
-2.276	0.5	-20.89	0	0	0	
-2.276	0.5	-20.89	0	0	-4	
-2.276	0.5	-20.89	0	0	-4	
-2.276	0.5	-20.89	0	0	-4	
-2.276	0.5	-20.89	0	0	-4	
-2.276	0.5	-20.89	0	0	-4	
-2.276	0.5	-20.89	0	0	-4	
-2.276	0.5	-20.89	0	0	-4	
-2.276	0.5	-20.89	0	0	-4	
-2.276	0.5	-20.89	0	0	-4	
-2.276	0.5	-20.89	0	0	-4	
-2.276	0.5	-20.89	0	0	-8	
-2.276	0.5	-20.89	0	0	-8	
-2.276	0.5	-20.89	0	0	-8	
-2.276	0.5	-20.89	0	0	-8	
-2.276	0.5	-20.89	0	0	-8	
-2.276	0.5	-20.89	0	0	-8	
-2.276	0.5	-20.89	0	0	-8	
-2.276	0.5	-20.89	0	0	-8	
-2.276	0.5	-20.89	0	0	-8	
-2.276	0.5	-20.89	0	0	-8	
-2.276	0.5	-20.89	0	0	-12	
-2.276	0.5	-20.89	0	0	-12	
-2.276	0.5	-20.89	0	0	-12	
-2.276	0.5	-20.89	0	0	-12	
-2.276	0.5	-20.89	0	0	-12	
-2.276	0.5	-20.89	0	0	-12	
-2.276	0.5	-20.89	0	0	-12	
-2.276	0.5	-20.89	0	0	-12	
-2.276	0.5	-20.89	0	0	-12	
-2.276	0.5	-20.89	0	0	-12	
-2.276	0.5	-20.89	0	0	-16	
-2.276	0.5	-20.89	0	0	-16	
-2.276	0.5	-20.89	0	0	-16	
-2.276	0.5	-20.89	0	0	-16	
-2.276	0.5	-20.89	0	0	-16	
-2.276	0.5	-20.89	0	0	-16	
-2.276	0.5	-20.89	0	0	-16	
-2.276	0.5	-20.89	0	0	-16	
-2.276	0.5	-20.89	0	0	-16	
-2.276	0.5	-20.89	0	0	-16	
-23.698	0.5	15.628	0	0	0	
-23.698	0.5	15.628	0	0	0	
-23.698	0.5	15.628	0	0	0	
-23.698	0.5	15.628	0	0	0	
-23.698	0.5	15.628	0	0	0	
-23.698	0.5	15.628	0	0	0	
-23.698	0.5	15.628	0	0	0	
-23.698	0.5	15.628	0	0	0	
-23.698	0.5	15.628	0	0	0	
-23.698	0.5	15.628	0	0	0	
-23.698	0.5	15.628	0	0	4	
-23.698	0.5	15.628	0	0	4	
-23.698	0.5	15.628	0	0	4	
-23.698	0.5	15.628	0	0	4	
-23.698	0.5	15.628	0	0	4	
-23.698	0.5	15.628	0	0	4	
-23.698	0.5	15.628	0	0	4	
-23.698	0.5	15.628	0	0	4	
-23.698	0.5	15.628	0	0	4	
-23.698	0.5	15.628	0	0	4	
-23.698	0.5	15.628	0	0	8	
-23.698	0.5	15.628	0	0	8	
-23.698	0.5	15.628	0	0	8	
-23.698	0.5	15.628	0	0	8	
-23.698	0.5	15.628	0	0	8	
-23.698	0.5	15.628	0	0	8	
-23.698	0.5	15.628	0	0	8	
-23.698	0.5	15.628	0	0	8	
-23.698	0.5	15.628	0	0	8	
-23.698	0.5	15.628	0	0	8	
-23.698	0.5	15.628	0	0	12	
-23.698	0.5	15.628	0	0	12	
-23.698	0.5	15.628	0	0	12	
-23.698	0.5	15.628	0	0	12	
-23.698	0.5	15.628	0	0	12	
-23.698	0.5	15.628	0	0	12	
-23.698	0.5	15.628	0	0	12	
-23.698	0.5	15.628	0	0	12	
-23.698	0.5	15.628	0	0	12	
-23.698	0.5	15.628	0	0	12	
-23.698	0.5	15.628	0	0	16	
-23.698	0.5	15.628	0	0	16	
-23.698	0.5	15.628	0	0	16	
-23.698	0.5	15.628	0	0	16	
-23.698	0.5	15.628	0	0	16	
-23.698	0.5	15.628	0	0	16	
-23.698	0.5	15.628	0	0	16	
-23.698	0.5	15.628	0	0	16	
-23.698	0.5	15.628	0	0	16	
-23.698	0.5	15.628	0	0	16	
-23.698	0.5	15.628	-4	0	16	
-23.698	0.5	15.628	-4	0	16	
-23.698	0.5	15.628	-4	0	16	
-23.698	0.5	15.628	-4	0	16	
-23.698	0.5	15.628	-4	0	16	
-23.698	0.5	15.628	-4	0	16	
-23.698	0.5	15.628	-4	0	16	
-23.698	0.5	15.628	-4	0	16	
-23.698	0.5	15.628	-4	0	16	
-23.698	0.5	15.628	-4	0	16	
-23.698	0.5	15.628	-8	0	16	
-23.698	0.5	15.628	-8	0	16	
-23.698	0.5	15.628	-8	0	16	
-23.698	0.5	15.628	-8	0	16	
-23.698	0.5	15.628	-8	0	16	
-23.698	0.5	15.628	-8	0	16	
-23.698	0.5	15.628	-8	0	16	
-23.698	0.5	15.628	-8	0	16	
-23.698	0.5	15.628	-8	0	16	
-23.698	0.5	15.628	-8	0	16	
-23.698	0.5	15.628	-12	0	16	
-23.698	0.5	15.628	-12	0	16	
-23.698	0.5	15.628	-12	0	16	
-23.698	0.5	15.628	-12	0	16	
-23.698	0.5	15.628	-12	0	16	
-23.698	0.5	15.628	-12	0	16	
-23.698	0.5	15.628	-12	0	16	
-23.698	0.5	15.628	-12	0	16	
-23.698	0.5	15.628	-12	0	16	
-23.698	0.5	15.628	-12	0	16	
-23.698	0.5	15.628	-16	0	16	
-23.698	0.5	15.628	-16	0	16	
-23.698	0.5	15.628	-16	0	16	
-23.698	0.5	15.628	-16	0	16	
-23.698	0.5	15.628	-16	0	16	
-23.698	0.5	15.628	-16	0	16	
-23.698	0.5	15.628	-16	0	16	
-23.698	0.5	15.628	-16	0	16	
-23.698	0.5	15.628	-16	0	16	
-23.698	0.5	15.628	-16	0	16	
15.74	0.5	1.736	0	0	0	
15.74	0.5	1.736	0	0	0	
15.74	0.5	1.736	0	0	0	
15.74	0.5	1.736	0	0	0	
15.74	0.5	1.736	0	0	0	
15.74	0.5	1.736	0	0	0	
15.74	0.5	1.736	0	0	0	
15.74	0.5	1.736	0	0	0	
15.74	0.5	1.736	0	0	0	
15.74	0.5	1.736	0	0	0	
15.74	0.5	1.736	4	0	0	
15.74	0.5	1.736	4	0	0	
15.74	0.5	1.736	4	0	0	
15.74	0.5	1.736	4	0	0	
15.74	0.5	1.736	4	0	0	
15.74	0.5	1.736	4	0	0	
15.74	0.5	1.736	4	0	0	
15.74	0.5	1.736	4	0	0	
15.74	0.5	1.736	4	0	0	
15.74	0.5	1.736	4	0	0	
15.74	0.5	1.736	8	0	0	
15.74	0.5	1.736	8	0	0	
15.74	0.5	1.736	8	0	0	
15.74	0.5	1.736	8	0	0	
15.74	0.5	1.736	8	0	0	
15.74	0.5	1.736	8	0	0	
15.74	0.5	1.736	8	0	0	
15.74	0.5	1.736	8	0	0	
15.74	0.5	1.736	8	0	0	
15.74	0.5	1.736	8	0	0	
-5.734	0.5	-16.749	0	0	0	
-5.734	0.5	-16.749	0	0	0	
-5.734	0.5	-16.749	0	0	0	
-5.734	0.5	-16.749	0	0	0	
-5.734	0.5	-16.749	0	0	0	
-5.734	0.5	-16.749	0	0	0	
-5.734	0.5	-16.749	0	0	0	
-5.734	0.5	-16.749	0	0	0	
-5.734	0.5	-16.749	0	0	0	
-5.734	0.5	-16.749	0	0	0	
-5.734	0.5	-16.749	0	0	-4	
-5.734	0.5	-16.749	0	0	-4	
-5.734	0.5	-16.749	0	0	-4	
-5.734	0.5	-16.749	0	0	-4	
-5.734	0.5	-16.749	0	0	-4	
-5.734	0.5	-16.749	0	0	-4	
-5.734	0.5	-16.749	0	0	-4	
-5.734	0.5	-16.749	0	0	-4	
-5.734	0.5	-16.749	0	0	-4	
-5.734	0.5	-16.749	0	0	-4	
-5.734	0.5	-16.749	0	0	-8	
-5.734	0.5	-16.749	0	0	-8	
-5.734	0.5	-16.749	0	0	-8	
-5.734	0.5	-16.749	0	0	-8	
-5.734	0.5	-16.749	0	0	-8	
-5.734	0.5	-16.749	0	0	-8	
-5.734	0.5	-16.749	0	0	-8	
-5.734	0.5	-16.749	0	0	-8	
-5.734	0.5	-16.749	0	0	-8	
-5.734	0.5	-16.749	0	0	-8	
-5.734	0.5	-16.749	0	0	-12	
-5.734	0.5	-16.749	0	0	-12	
-5.734	0.5	-16.749	0	0	-12	
-5.734	0.5	-16.749	0	0	-12	
-5.734	0.5	-16.749	0	0	-12	
-5.734	0.5	-16.749	0	0	-12	
-5.734	0.5	-16.749	0	0	-12	
-5.734	0.5	-16.749	0	0	-12	
-5.734	0.5	-16.749	0	0	-12	
-5.734	0.5	-16.749	0	0	-12	
-5.734	0.5	-16.749	0	0	-16	
-5.734	0.5	-16.749	0	0	-16	
-5.734	0.5	-16.749	0	0	-16	
-5.734	0.5	-16.749	0	0	-16	
-5.734	0.5	-16.749	0	0	-16	
-5.734	0.5	-16.749	0	0	-16	
-5.734	0.5	-16.749	0	0	-16	
-5.734	0.5	-16.749	0	0	-16	
-5.734	0.5	-16.749	0	0	-16	
-5.734	0.5	-16.749	0	0	-16	
7.694	0.5	19.058	0	0	0	
7.694	0.5	19.058	0	0	0	
7.694	0.5	19.058	0	0	0	
7.694	0.5	19.058	0	0	0	
7.694	0.5	19.058	0	0	0	
7.694	0.5	19.058	0	0	0	
7.694	0.5	19.058	0	0	0	
7.694	0.5	19.058	0	0	0	
7.694	0.5	19.058	0	0	0	
7.694	0.5	19.058	0	0	0	
7.694	0.5	19.058	0	0	4	
7.694	0.5	19.058	0	0	4	
7.694	0.5	19.058	0	0	4	
7.694	0.5	19.058	0	0	4	
7.694	0.5	19.058	0	0	4	
7.694	0.5	19.058	0	0	4	
7.694	0.5	19.058	0	0	4	
7.694	0.5	19.058	0	0	4	
7.694	0.5	19.058	0	0	4	
7.694	0.5	19.058	0	0	4	
7.694	0.5	19.058	0	0	8	
7.694	0.5	19.058	0	0	8	
7.694	0.5	19.058	0	0	8	
7.694	0.5	19.058	0	0	8	
7.694	0.5	19.058	0	0	8	
7.694	0.5	19.058	0	0	8	
7.694	0.5	19.058	0	0	8	
7.694	0.5	19.058	0	0	8	
7.694	0.5	19.058	0	0	8	
7.694	0.5	19.058	0	0	8	
7.694	0.5	19.058	0	0	12	
7.694	0.5	19.058	0	0	12	
7.694	0.5	19.058	0	0	12	
7.694	0.5	19.058	0	0	12	
7.694	0.5	19.058	0	0	12	
7.694	0.5	19.058	0	0	12	
7.694	0.5	19.058	0	0	12	
7.694	0.5	19.058	0	0	12	
7.694	0.5	19.058	0	0	12	
7.694	0.5	19.058	0	0	12	
7.694	0.5	19.058	0	0	16	
7.694	0.5	19.058	0	0	16	
7.694	0.5	19.058	0	0	16	
7.694	0.5	19.058	0	0	16	
7.694	0.5	19.058	0	0	16	
7.694	0.5	19.058	0	0	16	
7.694	0.5	19.058	0	0	16	
7.694	0.5	19.058	0	0	16	
7.694	0.5	19.058	0	0	16	
7.694	0.5	19.058	0	0	16	
12.758	0.5	13.499	0	0	0	
12.758	0.5	13.499	0	0	0	
12.758	0.5	13.499	0	0	0	
12.758	0.5	13.499	0	0	0	
12.758	0.5	13.499	0	0	0	
12.758	0.5	13.499	0	0	0	
12.758	0.5	13.499	0	0	0	
12.758	0.5	13.499	0	0	0	
12.758	0.5	13.499	0	0	0	
12.758	0.5	13.499	0	0	0	
12.758	0.5	13.499	0	0	4	
12.758	0.5	13.499	0	0	4	
12.758	0.5	13.499	0	0	4	
12.758	0.5	13.499	0	0	4	
12.758	0.5	13.499	0	0	4	
12.758	0.5	13.499	0	0	4	
12.758	0.5	13.499	0	0	4	
12.758	0.5	13.499	0	0	4	
12.758	0.5	13.499	0	0	4	
12.758	0.5	13.499	0	0	4	
12.758	0.5	13.499	0	0	8	
12.758	0.5	13.499	0	0	8	
12.758	0.5	13.499	0	0	8	
12.758	0.5	13.499	0	0	8	
12.758	0.5	13.499	0	0	8	
12.758	0.5	13.499	0	0	8	
12.758	0.5	13.499	0	0	8	
12.758	0.5	13.499	0	0	8	
12.758	0.5	13.499	0	0	8	
12.758	0.5	13.499	0	0	8	
12.758	0.5	13.499	0	0	12	
12.758	0.5	13.499	0	0	12	
12.758	0.5	13.499	0	0	12	
12.758	0.5	13.499	0	0	12	
12.758	0.5	13.499	0	0	12	
12.758	0.5	13.499	0	0	12	
12.758	0.5	13.499	0	0	12	
12.758	0.5	13.499	0	0	12	
12.758	0.5	13.499	0	0	12	
12.758	0.5	13.499	0	0	12	
12.758	0.5	13.499	0	0	16	
12.758	0.5	13.499	0	0	16	
12.758	0.5	13.499	0	0	16	
12.758	0.5	13.499	0	0	16	
12.758	0.5	13.499	0	0	16	
12.758	0.5	13.499	0	0	16	
12.758	0.5	13.499	0	0	16	
12.758	0.5	13.499	0	0	16	
12.758	0.5	13.499	0	0	16	
12.758	0.5	13.499	0	0	16	
12.758	0.5	13.499	4	0	16	
12.758	0.5	13.499	4	0	16	
12.758	0.5	13.499	4	0	16	
12.758	0.5	13.499	4	0	16	
12.758	0.5	13.499	4	0	16	
12.758	0.5	13.499	4	0	16	
12.758	0.5	13.499	4	0	16	
12.758	0.5	13.499	4	0	16	
12.758	0.5	13.499	4	0	16	
12.758	0.5	13.499	4	0	16	
12.758	0.5	13.499	8	0	16	
12.758	0.5	13.499	8	0	16	
12.758	0.5	13.499	8	0	16	
12.758	0.5	13.499	8	0	16	
12.758	0.5	13.499	8	0	16	
12.758	0.5	13.499	8	0	16	
12.758	0.5	13.499	8	0	16	
12.758	0.5	13.499	8	0	16	
12.758	0.5	13.499	8	0	16	
12.758	0.5	13.499	8	0	16	
13.33	0.5	4.394	0	0	0	
13.33	0.5	4.394	0	0	0	
13.33	0.5	4.394	0	0	0	
13.33	0.5	4.394	0	0	0	
13.33	0.5	4.394	0	0	0	
13.33	0.5	4.394	0	0	0	
13.33	0.5	4.394	0	0	0	
13.33	0.5	4.394	0	0	0	
13.33	0.5	4.394	0	0	0	
13.33	0.5	4.394	0	0	0	
13.33	0.5	4.394	4	0	0	
13.33	0.5	4.394	4	0	0	
13.33	0.5	4.394	4	0	0	
13.33	0.5	4.394	4	0	0	
13.33	0.5	4.394	4	0	0	
13.33	0.5	4.394	4	0	0	
13.33	0.5	4.394	4	0	0	
13.33	0.5	4.394	4	0	0	
13.33	0.5	4.394	4	0	0	
13.33	0.5	4.394	4	0	0	
13.33	0.5	4.394	8	0	0	
13.33	0.5	4.394	8	0	0	
13.33	0.5	4.394	8	0	0	
13.33	0.5	4.394	8	0	0	
13.33	0.5	4.394	8	0	0	
13.33	0.5	4.394	8	0	0	
13.33	0.5	4.394	8	0	0	
13.33	0.5	4.394	8	0	0	
13.33	0.5	4.394	8	0	0	
13.33	0.5	4.394	8	0	0	
12.235	0.5	-22.918	0	0	0	
12.235	0.5	-22.918	0	0	0	
12.235	0.5	-22.918	0	0	0	
12.235	0.5	-22.918	0	0	0	
12.235	0.5	-22.918	0	0	0	
12.235	0.5	-22.918	0	0	0	
12.235	0.5	-22.918	0	0	0	
12.235	0.5	-22.918	0	0	0	
12.235	0.5	-22.918	0	0	0	
12.235	0.5	-22.918	0	0	0	
12.235	0.5	-22.918	4	0	0	
12.235	0.5	-22.918	4	0	0	
12.235	0.5	-22.918	4	0	0	
12.235	0.5	-22.918	4	0	0	
12.235	0.5	-22.918	4	0	0	
12.235	0.5	-22.918	4	0	0	
12.235	0.5	-22.918	4	0	0	
12.235	0.5	-22.918	4	0	0	
12.235	0.5	-22.918	4	0	0	
12.235	0.5	-22.918	4	0	0	
12.235	0.5	-22.918	8	0	0	
12.235	0.5	-22.918	8	0	0	
12.235	0.5	-22.918	8	0	0	
12.235	0.5	-22.918	8	0	0	
12.235	0.5	-22.918	8	0	0	
12.235	0.5	-22.918	8	0	0	
12.235	0.5	-22.918	8	0	0	
12.235	0.5	-22.918	8	0	0	
12.235	0.5	-22.918	8	0	0	
12.235	0.5	-22.918	8	0	0	
12.235	0.5	-22.918	8	0	-4	
12.235	0.5	-22.918	8	0	-4	
12.235	0.5	-22.918	8	0	-4	
12.235	0.5	-22.918	8	0	-4	
12.235	0.5	-22.918	8	0	-4	
12.235	0.5	-22.918	8	0	-4	
12.235	0.5	-22.918	8	0	-4	
12.235	0.5	-22.918	8	0	-4	
12.235	0.5	-22.918	8	0	-4	
12.235	0.5	-22.918	8	0	-4	
12.235	0.5	-22.918	8	0	-8	
12.235	0.5	-22.918	8	0	-8	
12.235	0.5	-22.918	8	0	-8	
12.235	0.5	-22.918	8	0	-8	
12.235	0.5	-22.918	8	0	-8	
12.235	0.5	-22.918	8	0	-8	
12.235	0.5	-22.918	8	0	-8	
12.235	0.5	-22.918	8	0	-8	
12.235	0.5	-22.918	8	0	-8	
12.235	0.5	-22.918	8	0	-8	
12.235	0.5	-22.918	8	0	-12	
12.235	0.5	-22.918	8	0	-12	
12.235	0.5	-22.918	8	0	-12	
12.235	0.5	-22.918	8	0	-12	
12.235	0.5	-22.918	8	0	-12	
12.235	0.5	-22.918	8	0	-12	
12.235	0.5	-22.918	8	0	-12	
12.235	0.5	-22.918	8	0	-12	
12.235	0.5	-22.918	8	0	-12	
12.235	0.5	-22.918	8	0	-12	
12.235	0.5	-22.918	8	0	-16	
12.235	0.5	-22.918	8	0	-16	
12.235	0.5	-22.918	8	0	-16	
12.235	0.5	-22.918	8	0	-16	
12.235	0.5	-22.918	8	0	-16	
12.235	0.5	-22.918	8	0	-16	
12.235	0.5	-22.918	8	0	-16	
12.235	0.5	-22.918	8	0	-16	
12.235	0.5	-22.918	8	0	-16	
12.235	0.5	-22.918	8	0	-16	
-20.198	0.5	-0.077	0	0	0	
-20.198	0.5	-0.077	0	0	0	
-20.198	0.5	-0.077	0	0	0	
-20.198	0.5	-0.077	0	0	0	
-20.198	0.5	-0.077	0	0	0	
-20.198	0.5	-0.077	0	0	0	
-20.198	0.5	-0.077	0	0	0	
-20.198	0.5	-0.077	0	0	0	
-20.198	0.5	-0.077	0	0	0	
-20.198	0.5	-0.077	0	0	0	
-20.198	0.5	-0.077	-4	0	0	
-20.198	0.5	-0.077	-4	0	0	
-20.198	0.5	-0.077	-4	0	0	
-20.198	0.5	-0.077	-4	0	0	
-20.198	0.5	-0.077	-4	0	0	
-20.198	0.5	-0.077	-4	0	0	
-20.198	0.5	-0.077	-4	0	0	
-20.198	0.5	-0.077	-4	0	0	
-20.198	0.5	-0.077	-4	0	0	
-20.198	0.5	-0.077	-4	0	0	
-20.198	0.5	-0.077	-8	0	0	
-20.198	0.5	-0.077	-8	0	0	
-20.198	0.5	-0.077	-8	0	0	
-20.198	0.5	-0.077	-8	0	0	
-20.198	0.5	-0.077	-8	0	0	
-20.198	0.5	-0.077	-8	0	0	
-20.198	0.5	-0.077	-8	0	0	
-20.198	0.5	-0.077	-8	0	0	
-20.198	0.5	-0.077	-8	0	0	
-20.198	0.5	-0.077	-8	0	0	
-20.198	0.5	-0.077	-12	0	0	
-20.198	0.5	-0.077	-12	0	0	
-20.198	0.5	-0.077	-12	0	0	
-20.198	0.5	-0.077	-12	0	0	
-20.198	0.5	-0.077	-12	0	0	
-20.198	0.5	-0.077	-12	0	0	
-20.198	0.5	-0.077	-12	0	0	
-20.198	0.5	-0.077	-12	0	0	
-20.198	0.5	-0.077	-12	0	0	
-20.198	0.5	-0.077	-12	0	0	
0.294	0.5	23.655	0	0	0	
0.294	0.5	23.655	0	0	0	
0.294	0.5	23.655	0	0	0	
0.294	0.5	23.655	0	0	0	
0.294	0.5	23.655	0	0	0	
0.294	0.5	23.655	0	0	0	
0.294	0.5	23.655	0	0	0	
0.294	0.5	23.655	0	0	0	
0.294	0.5	23.655	0	0	0	
0.294	0.5	23.655	0	0	0	
0.294	0.5	23.655	-4	0	0	
0.294	0.5	23.655	-4	0	0	
0.294	0.5	23.655	-4	0	0	
0.294	0.5	23.655	-4	0	0	
0.294	0.5	23.655	-4	0	0	
0.294	0.5	23.655	-4	0	0	
0.294	0.5	23.655	-4	0	0	
0.294	0.5	23.655	-4	0	0	
0.294	0.5	23.655	-4	0	0	
0.294	0.5	23.655	-4	0	0	
0.294	0.5	23.655	-4	0	4	
0.294	0.5	23.655	-4	0	4	
0.294	0.5	23.655	-4	0	4	
0.294	0.5	23.655	-4	0	4	
0.294	0.5	23.655	-4	0	4	
0.294	0.5	23.655	-4	0	4	
0.294	0.5	23.655	-4	0	4	
0.294	0.5	23.655	-4	0	4	
0.294	0.5	23.655	-4	0	4	
0.294	0.5	23.655	-4	0	4	
0.294	0.5	23.655	-4	0	8	
0.294	0.5	23.655	-4	0	8	
0.294	0.5	23.655	-4	0	8	
0.294	0.5	23.655	-4	0	8	
0.294	0.5	23.655	-4	0	8	
0.294	0.5	23.655	-4	0	8	
0.294	0.5	23.655	-4	0	8	
0.294	0.5	23.655	-4	0	8	
0.294	0.5	23.655	-4	0	8	
0.294	0.5	23.655	-4	0	8	
0.294	0.5	23.655	-4	0	12	
0.294	0.5	23.655	-4	0	12	
0.294	0.5	23.655	-4	0	12	
0.294	0.5	23.655	-4	0	12	
0.294	0.5	23.655	-4	0	12	
0.294	0.5	23.655	-4	0	12	
0.294	0.5	23.655	-4	0	12	
0.294	0.5	23.655	-4	0	12	
0.294	0.5	23.655	-4	0	12	
0.294	0.5	23.655	-4	0	12	
0.294	0.5	23.655	-4	0	16	
0.294	0.5	23.655	-4	0	16	
0.294	0.5	23.655	-4	0	16	
0.294	0.5	23.655	-4	0	16	
0.294	0.5	23.655	-4	0	16	
0.294	0.5	23.655	-4	0	16	
0.294	0.5	23.655	-4	0	16	
0.294	0.5	23.655	-4	0	16	
0.294	0.5	23.655	-4	0	16	
0.294	0.5	23.655	-4	0	16	
23.537	0.5	20.627	0	0	0	
23.537	0.5	20.627	0	0	0	
23.537	0.5	20.627	0	0	0	
23.537	0.5	20.627	0	0	0	
23.537	0.5	20.627	0	0	0	
23.537	0.5	20.627	0	0	0	
23.537	0.5	20.627	0	0	0	
23.537	0.5	20.627	0	0	0	
23.537	0.5	20.627	0	0	0	
23.537	0.5	20.627	0	0	0	
23.537	0.5	20.627	0	0	4	
23.537	0.5	20.627	0	0	4	
23.537	0.5	20.627	0	0	4	
23.537	0.5	20.627	0	0	4	
23.537	0.5	20.627	0	0	4	
23.537	0.5	20.627	0	0	4	
23.537	0.5	20.627	0	0	4	
23.537	0.5	20.627	0	0	4	
23.537	0.5	20.627	0	0	4	
23.537	0.5	20.627	0	0	4	
23.537	0.5	20.627	0	0	8	
23.537	0.5	20.627	0	0	8	
23.537	0.5	20.627	0	0	8	
23.537	0.5	20.627	0	0	8	
23.537	0.5	20.627	0	0	8	
23.537	0.5	20.627	0	0	8	
23.537	0.5	20.627	0	0	8	
23.537	0.5	20.627	0	0	8	
23.537	0.5	20.627	0	0	8	
23.537	0.5	20.627	0	0	8	
23.537	0.5	20.627	0	0	12	
23.537	0.5	20.627	0	0	12	
23.537	0.5	20.627	0	0	12	
23.537	0.5	20.627	0	0	12	
23.537	0.5	20.627	0	0	12	
23.537	0.5	20.627	0	0	12	
23.537	0.5	20.627	0	0	12	
23.537	0.5	20.627	0	0	12	
23.537	0.5	20.627	0	0	12	
23.537	0.5	20.627	0	0	12	
23.537	0.5	20.627	0	0	16	
23.537	0.5	20.627	0	0	16	
23.537	0.5	20.627	0	0	16	
23.537	0.5	20.627	0	0	16	
23.537	0.5	20.627	0	0	16	
23.537	0.5	20.627	0	0	16	
23.537	0.5	20.627	0	0	16	
23.537	0.5	20.627	0	0	16	
23.537	0.5	20.627	0	0	16	
23.537	0.5	20.627	0	0	16	
23.537	0.5	20.627	0	0	20	
23.537	0.5	20.627	0	0	20	
23.537	0.5	20.627	0	0	20	
23.537	0.5	20.627	0	0	20	
23.537	0.5	20.627	0	0	20	
23.537	0.5	20.627	0	0	20	
23.537	0.5	20.627	0	0	20	
23.537	0.5	20.627	0	0	20	
23.537	0.5	20.627	0	0	20	
23.537	0.5	20.627	0	0	20	
23.537	0.5	20.627	4	0	20	
23.537	0.5	20.627	4	0	20	
23.537	0.5	20.627	4	0	20	
23.537	0.5	20.627	4	0	20	
23.537	0.5	20.627	4	0	20	
23.537	0.5	20.627	4	0	20	
23.537	0.5	20.627	4	0	20	
23.537	0.5	20.627	4	0	20	
23.537	0.5	20.627	4	0	20	
23.537	0.5	20.627	4	0	20	
23.537	0.5	20.627	8	0	20	
23.537	0.5	20.627	8	0	20	
23.537	0.5	20.627	8	0	20	
23.537	0.5	20.627	8	0	20	
23.537	0.5	20.627	8	0	20	
23.537	0.5	20.627	8	0	20	
23.537	0.5	20.627	8	0	20	
23.537	0.5	20.627	8	0	20	
23.537	0.5	20.627	8	0	20	
23.537	0.5	20.627	8	0	20	
23.537	0.5	20.627	12	0	20	
23.537	0.5	20.627	12	0	20	
23.537	0.5	20.627	12	0	20	
23.537	0.5	20.627	12	0	20	
23.537	0.5	20.627	12	0	20	
23.537	0.5	20.627	12	0	20	
23.537	0.5	20.627	12	0	20	
23.537	0.5	20.627	12	0	20	
23.537	0.5	20.627	12	0	20	
23.537	0.5	20.627	12	0	20	
23.537	0.5	20.627	16	0	20	
23.537	0.5	20.627	16	0	20	
23.537	0.5	20.627	16	0	20	
23.537	0.5	20.627	16	0	20	
23.537	0.5	20.627	16	0	20	
23.537	0.5	20.627	16	0	20	
23.537	0.5	20.627	16	0	20	
23.537	0.5	20.627	16	0	20	
23.537	0.5	20.627	16	0	20	
23.537	0.5	20.627	16	0	20	
-10.045	0.5	10.745	0	0	0	
-10.045	0.5	10.745	0	0	0	
-10.045	0.5	10.745	0	0	0	
-10.045	0.5	10.745	0	0	0	
-10.045	0.5	10.745	0	0	0	
-10.045	0.5	10.745	0	0	0	
-10.045	0.5	10.745	0	0	0	
-10.045	0.5	10.745	0	0	0	
-10.045	0.5	10.745	0	0	0	
-10.045	0.5	10.745	0	0	0	
-10.045	0.5	10.745	0	0	4	
-10.045	0.5	10.745	0	0	4	
-10.045	0.5	10.745	0	0	4	
-10.045	0.5	10.745	0	0	4	
-10.045	0.5	10.745	0	0	4	
-10.045	0.5	10.745	0	0	4	
-10.045	0.5	10.745	0	0	4	
-10.045	0.5	10.745	0	0	4	
-10.045	0.5	10.745	0	0	4	
-10.045	0.5	10.745	0	0	4	
-10.045	0.5	10.745	0	0	8	
-10.045	0.5	10.745	0	0	8	
-10.045	0.5	10.745	0	0	8	
-10.045	0.5	10.745	0	0	8	
-10.045	0.5	10.745	0	0	8	
-10.045	0.5	10.745	0	0	8	
-10.045	0.5	10.745	0	0	8	
-10.045	0.5	10.745	0	0	8	
-10.045	0.5	10.745	0	0	8	
-10.045	0.5	10.745	0	0	8	
-10.045	0.5	10.745	-4	0	8	
-10.045	0.5	10.745	-4	0	8	
-10.045	0.5	10.745	-4	0	8	
-10.045	0.5	10.745	-4	0	8	
-10.045	0.5	10.745	-4	0	8	
-10.045	0.5	10.745	-4	0	8	
-10.045	0.5	10.745	-4	0	8	
-10.045	0.5	10.745	-4	0	8	
-10.045	0.5	10.745	-4	0	8	
-10.045	0.5	10.745	-4	0	8	
-9.348	0.5	-2.995	0	0	0	
-9.348	0.5	-2.995	0	0	0	
-9.348	0.5	-2.995	0	0	0	
-9.348	0.5	-2.995	0	0	0	
-9.348	0.5	-2.995	0	0	0	
-9.348	0.5	-2.995	0	0	0	
-9.348	0.5	-2.995	0	0	0	
-9.348	0.5	-2.995	0	0	0	
-9.348	0.5	-2.995	0	0	0	
-9.348	0.5	-2.995	0	0	0	
-9.348	0.5	-2.995	-4	0	0	
-9.348	0.5	-2.995	-4	0	0	
-9.348	0.5	-2.995	-4	0	0	
-9.348	0.5	-2.995	-4	0	0	
-9.348	0.5	-2.995	-4	0	0	
-9.348	0.5	-2.995	-4	0	0	
-9.348	0.5	-2.995	-4	0	0	
-9.348	0.5	-2.995	-4	0	0	
-9.348	0.5	-2.995	-4	0	0	
-9.348	0.5	-2.995	-4	0	0	
20.007	0.5	-7.649	0	0	0	
20.007	0.5	-7.649	0	0	0	
20.007	0.5	-7.649	0	0	0	
20.007	0.5	-7.649	0	0	0	
20.007	0.5	-7.649	0	0	0	
20.007	0.5	-7.649	0	0	0	
20.007	0.5	-7.649	0	0	0	
20.007	0.5	-7.649	0	0	0	
20.007	0.5	-7.649	0	0	0	
20.007	0.5	-7.649	0	0	0	
20.007	0.5	-7.649	0	0	-4	
20.007	0.5	-7.649	0	0	-4	
20.007	0.5	-7.649	0	0	-4	
20.007	0.5	-7.649	0	0	-4	
20.007	0.5	-7.649	0	0	-4	
20.007	0.5	-7.649	0	0	-4	
20.007	0.5	-7.649	0	0	-4	
20.007	0.5	-7.649	0	0	-4	
20.007	0.5	-7.649	0	0	-4	
20.007	0.5	-7.649	0	0	-4	
20.007	0.5	-7.649	0	0	-8	
20.007	0.5	-7.649	0	0	-8	
20.007	0.5	-7.649	0	0	-8	
20.007	0.5	-7.649	0	0	-8	
20.007	0.5	-7.649	0	0	-8	
20.007	0.5	-7.649	0	0	-8	
20.007	0.5	-7.649	0	0	-8	
20.007	0.5	-7.649	0	0	-8	
20.007	0.5	-7.649	0	0	-8	
20.007	0.5	-7.649	0	0	-8	
20.007	0.5	-7.649	4	0	-8	
20.007	0.5	-7.649	4	0	-8	
20.007	0.5	-7.649	4	0	-8	
20.007	0.5	-7.649	4	0	-8	
20.007	0.5	-7.649	4	0	-8	
20.007	0.5	-7.649	4	0	-8	
20.007	0.5	-7.649	4	0	-8	
20.007	0.5	-7.649	4	0	-8	
20.007	0.5	-7.649	4	0	-8	
20.007	0.5	-7.649	4	0	-8	
20.007	0.5	-7.649	8	0	-8	
20.007	0.5	-7.649	8	0	-8	
20.007	0.5	-7.649	8	0	-8	
20.007	0.5	-7.649	8	0	-8	
20.007	0.5	-7.649	8	0	-8	
20.007	0.5	-7.649	8	0	-8	
20.007	0.5	-7.649	8	0	-8	
20.007	0.5	-7.649	8	0	-8	
20.007	0.5	-7.649	8	0	-8	
20.007	0.5	-7.649	8	0	-8	
20.007	0.5	-7.649	12	0	-8	
20.007	0.5	-7.649	12	0	-8	
20.007	0.5	-7.649	12	0	-8	
20.007	0.5	-7.649	12	0	-8	
20.007	0.5	-7.649	12	0	-8	
20.007	0.5	-7.649	12	0	-8	
20.007	0.5	-7.649	12	0	-8	
20.007	0.5	-7.649	12	0	-8	
20.007	0.5	-7.649	12	0	-8	
20.007	0.5	-7.649	12	0	-8	
17.757	0.5	17.772	0	0	0	
17.757	0.5	17.772	0	0	0	
17.757	0.5	17.772	0	0	0	
17.757	0.5	17.772	0	0	0	
17.757	0.5	17.772	0	0	0	
17.757	0.5	17.772	0	0	0	
17.757	0.5	17.772	0	0	0	
17.757	0.5	17.772	0	0	0	
17.757	0.5	17.772	0	0	0	
17.757	0.5	17.772	0	0	0	
17.757	0.5	17.772	4	0	0	
17.757	0.5	17.772	4	0	0	
17.757	0.5	17.772	4	0	0	
17.757	0.5	17.772	4	0	0	
17.757	0.5	17.772	4	0	0	
17.757	0.5	17.772	4	0	0	
17.757	0.5	17.772	4	0	0	
17.757	0.5	17.772	4	0	0	
17.757	0.5	17.772	4	0	0	
17.757	0.5	17.772	4	0	0	
17.757	0.5	17.772	8	0	0	
17.757	0.5	17.772	8	0	0	
17.757	0.5	17.772	8	0	0	
17.757	0.5	17.772	8	0	0	
17.757	0.5	17.772	8	0	0	
17.757	0.5	17.772	8	0	0	
17.757	0.5	17.772	8	0	0	
17.757	0.5	17.772	8	0	0	
17.757	0.5	17.772	8	0	0	
17.757	0.5	17.772	8	0	0	
17.757	0.5	17.772	12	0	0	
17.757	0.5	17.772	12	0	0	
17.757	0.5	17.772	12	0	0	
17.757	0.5	17.772	12	0	0	
17.757	0.5	17.772	12	0	0	
17.757	0.5	17.772	12	0	0	
17.757	0.5	17.772	12	0	0	
17.757	0.5	17.772	12	0	0	
17.757	0.5	17.772	12	0	0	
17.757	0.5	17.772	12	0	0	
17.757	0.5	17.772	16	0	0	
17.757	0.5	17.772	16	0	0	
17.757	0.5	17.772	16	0	0	
17.757	0.5	17.772	16	0	0	
17.757	0.5	17.772	16	0	0	
17.757	0.5	17.772	16	0	0	
17.757	0.5	17.772	16	0	0	
17.757	0.5	17.772	16	0	0	
17.757	0.5	17.772	16	0	0	
17.757	0.5	17.772	16	0	0	
17.757	0.5	17.772	16	0	4	
17.757	0.5	17.772	16	0	4	
17.757	0.5	17.772	16	0	4	
17.757	0.5	17.772	16	0	4	
17.757	0.5	17.772	16	0	4	
17.757	0.5	17.772	16	0	4	
17.757	0.5	17.772	16	0	4	
17.757	0.5	17.772	16	0	4	
17.757	0.5	17.772	16	0	4	
17.757	0.5	17.772	16	0	4	
17.757	0.5	17.772	16	0	8	
17.757	0.5	17.772	16	0	8	
17.757	0.5	17.772	16	0	8	
17.757	0.5	17.772	16	0	8	
17.757	0.5	17.772	16	0	8	
17.757	0.5	17.772	16	0	8	
17.757	0.5	17.772	16	0	8	
17.757	0.5	17.772	16	0	8	
17.757	0.5	17.772	16	0	8	
17.757	0.5	17.772	16	0	8	
17.757	0.5	17.772	16	0	12	
17.757	0.5	17.772	16	0	12	
17.757	0.5	17.772	16	0	12	
17.757	0.5	17.772	16	0	12	
17.757	0.5	17.772	16	0	12	
17.757	0.5	17.772	16	0	12	
17.757	0.5	17.772	16	0	12	
17.757	0.5	17.772	16	0	12	
17.757	0.5	17.772	16	0	12	
17.757	0.5	17.772	16	0	12	
-19.542	0.5	-3.377	0	0	0	
-19.542	0.5	-3.377	0	0	0	
-19.542	0.5	-3.377	0	0	0	
-19.542	0.5	-3.377	0	0	0	
-19.542	0.5	-3.377	0	0	0	
-19.542	0.5	-3.377	0	0	0	
-19.542	0.5	-3.377	0	0	0	
-19.542	0.5	-3.377	0	0	0	
-19.542	0.5	-3.377	0	0	0	
-19.542	0.5	-3.377	0	0	0	
-19.542	0.5	-3.377	-4	0	0	
-19.542	0.5	-3.377	-4	0	0	
-19.542	0.5	-3.377	-4	0	0	
-19.542	0.5	-3.377	-4	0	0	
-19.542	0.5	-3.377	-4	0	0	
-19.542	0.5	-3.377	-4	0	0	
-19.542	0.5	-3.377	-4	0	0	
-19.542	0.5	-3.377	-4	0	0	
-19.542	0.5	-3.377	-4	0	0	
-19.542	0.5	-3.377	-4	0	0	
-19.542	0.5	-3.377	-8	0	0	
-19.542	0.5	-3.377	-8	0	0	
-19.542	0.5	-3.377	-8	0	0	
-19.542	0.5	-3.377	-8	0	0	
-19.542	0.5	-3.377	-8	0	0	
-19.542	0.5	-3.377	-8	0	0	
-19.542	0.5	-3.377	-8	0	0	
-19.542	0.5	-3.377	-8	0	0	
-19.542	0.5	-3.377	-8	0	0	
-19.542	0.5	-3.377	-8	0	0	
-19.542	0.5	-3.377	-12	0	0	
-19.542	0.5	-3.377	-12	0	0	
-19.542	0.5	-3.377	-12	0	0	
-19.542	0.5	-3.377	-12	0	0	
-19.542	0.5	-3.377	-12	0	0	
-19.542	0.5	-3.377	-12	0	0	
-19.542	0.5	-3.377	-12	0	0	
-19.542	0.5	-3.377	-12	0	0	
-19.542	0.5	-3.377	-12	0	0	
-19.542	0.5	-3.377	-12	0	0	
-9.256	0.5	-23.675	0	0	0	
-9.256	0.5	-23.675	0	0	0	
-9.256	0.5	-23.675	0	0	0	
-9.256	0.5	-23.675	0	0	0	
-9.256	0.5	-23.675	0	0	0	
-9.256	0.5	-23.675	0	0	0	
-9.256	0.5	-23.675	0	0	0	
-9.256	0.5	-23.675	0	0	0	
-9.256	0.5	-23.675	0	0	0	
-9.256	0.5	-23.675	0	0	0	
-9.256	0.5	-23.675	0	0	-4	
-9.256	0.5	-23.675	0	0	-4	
-9.256	0.5	-23.675	0	0	-4	
-9.256	0.5	-23.675	0	0	-4	
-9.256	0.5	-23.675	0	0	-4	
-9.256	0.5	-23.675	0	0	-4	
-9.256	0.5	-23.675	0	0	-4	
-9.256	0.5	-23.675	0	0	-4	
-9.256	0.5	-23.675	0	0	-4	
-9.256	0.5	-23.675	0	0	-4	
-9.256	0.5	-23.675	0	0	-8	
-9.256	0.5	-23.675	0	0	-8	
-9.256	0.5	-23.675	0	0	-8	
-9.256	0.5	-23.675	0	0	-8	
-9.256	0.5	-23.675	0	0	-8	
-9.256	0.5	-23.675	0	0	-8	
-9.256	0.5	-23.675	0	0	-8	
-9.256	0.5	-23.675	0	0	-8	
-9.256	0.5	-23.675	0	0	-8	
-9.256	0.5	-23.675	0	0	-8	
-9.256	0.5	-23.675	0	0	-12	
-9.256	0.5	-23.675	0	0	-12	
-9.256	0.5	-23.675	0	0	-12	
-9.256	0.5	-23.675	0	0	-12	
-9.256	0.5	-23.675	0	0	-12	
-9.256	0.5	-23.675	0	0	-12	
-9.256	0.5	-23.675	0	0	-12	
-9.256	0.5	-23.675	0	0	-12	
-9.256	0.5	-23.675	0	0	-12	
-9.256	0.5	-23.675	0	0	-12	
-9.256	0.5	-23.675	0	0	-16	
-9.256	0.5	-23.675	0	0	-16	
-9.256	0.5	-23.675	0	0	-16	
-9.256	0.5	-23.675	0	0	-16	
-9.256	0.5	-23.675	0	0	-16	
-9.256	0.5	-23.675	0	0	-16	
-9.256	0.5	-23.675	0	0	-16	
-9.256	0.5	-23.675	0	0	-16	
-9.256	0.5	-23.675	0	0	-16	
-9.256	0.5	-23.675	0	0	-16	
-9.256	0.5	-23.675	0	0	-20	
-9.256	0.5	-23.675	0	0	-20	
-9.256	0.5	-23.675	0	0	-20	
-9.256	0.5	-23.675	0	0	-20	
-9.256	0.5	-23.675	0	0	-20	
-9.256	0.5	-23.675	0	0	-20	
-9.256	0.5	-23.675	0	0	-20	
-9.256	0.5	-23.675	0	0	-20	
-9.256	0.5	-23.675	0	0	-20	
-9.256	0.5	-23.675	0	0	-20	
-9.256	0.5	-23.675	0	0	-24	
-9.256	0.5	-23.675	0	0	-24	
-9.256	0.5	-23.675	0	0	-24	
-9.256	0.5	-23.675	0	0	-24	
-9.256	0.5	-23.675	0	0	-24	
-9.256	0.5	-23.675	0	0	-24	
-9.256	0.5	-23.675	0	0	-24	
-9.256	0.5	-23.675	0	0	-24	
-9.256	0.5	-23.675	0	0	-24	
-9.256	0.5	-23.675	0	0	-24	
-9.256	0.5	-23.675	-4	0	-24	
-9.256	0.5	-23.675	-4	0	-24	
-9.256	0.5	-23.675	-4	0	-24	
-9.256	0.5	-23.675	-4	0	-24	
-9.256	0.5	-23.675	-4	0	-24	
-9.256	0.5	-23.675	-4	0	-24	
-9.256	0.5	-23.675	-4	0	-24	
-9.256	0.5	-23.675	-4	0	-24	
-9.256	0.5	-23.675	-4	0	-24	
-9.256	0.5	-23.675	-4	0	-24	
-7.047	0.5	10.771	0	0	0	
-7.047	0.5	10.771	0	0	0	
-7.047	0.5	10.771	0	0	0	
-7.047	0.5	10.771	0	0	0	
-7.047	0.5	10.771	0	0	0	
-7.047	0.5	10.771	0	0	0	
-7.047	0.5	10.771	0	0	0	
-7.047	0.5	10.771	0	0	0	
-7.047	0.5	10.771	0	0	0	
-7.047	0.5	10.771	0	0	0	
-7.047	0.5	10.771	-4	0	0	
-7.047	0.5	10.771	-4	0	0	
-7.047	0.5	10.771	-4	0	0	
-7.047	0.5	10.771	-4	0	0	
-7.047	0.5	10.771	-4	0	0	
-7.047	0.5	10.771	-4	0	0	
-7.047	0.5	10.771	-4	0	0	
-7.047	0.5	10.771	-4	0	0	
-7.047	0.5	10.771	-4	0	0	
-7.047	0.5	10.771	-4	0	0	
-7.047	0.5	10.771	-8	0	0	
-7.047	0.5	10.771	-8	0	0	
-7.047	0.5	10.771	-8	0	0	
-7.047	0.5	10.771	-8	0	0	
-7.047	0.5	10.771	-8	0	0	
-7.047	0.5	10.771	-8	0	0	
-7.047	0.5	10.771	-8	0	0	
-7.047	0.5	10.771	-8	0	0	
-7.047	0.5	10.771	-8	0	0	
-7.047	0.5	10.771	-8	0	0	
-7.047	0.5	10.771	-8	0	4	
-7.047	0.5	10.771	-8	0	4	
-7.047	0.5	10.771	-8	0	4	
-7.047	0.5	10.771	-8	0	4	
-7.047	0.5	10.771	-8	0	4	
-7.047	0.5	10.771	-8	0	4	
-7.047	0.5	10.771	-8	0	4	
-7.047	0.5	10.771	-8	0	4	
-7.047	0.5	10.771	-8	0	4	
-7.047	0.5	10.771	-8	0	4	
5.58	0.5	3.594	0	0	0	
5.58	0.5	3.594	0	0	0	
5.58	0.5	3.594	0	0	0	
5.58	0.5	3.594	0	0	0	
5.58	0.5	3.594	0	0	0	
5.58	0.5	3.594	0	0	0	
5.58	0.5	3.594	0	0	0	
5.58	0.5	3.594	0	0	0	
5.58	0.5	3.594	0	0	0	
5.58	0.5	3.594	0	0	0	
-15.699	0.5	17.087	0	0	0	
-15.699	0.5	17.087	0	0	0	
-15.699	0.5	17.087	0	0	0	
-15.699	0.5	17.087	0	0	0	
-15.699	0.5	17.087	0	0	0	
-15.699	0.5	17.087	0	0	0	
-15.699	0.5	17.087	0	0	0	
-15.699	0.5	17.087	0	0	0	
-15.699	0.5	17.087	0	0	0	
-15.699	0.5	17.087	0	0	0	
-15.699	0.5	17.087	4	0	0	
-15.699	0.5	17.087	4	0	0	
-15.699	0.5	17.087	4	0	0	
-15.699	0.5	17.087	4	0	0	
-15.699	0.5	17.087	4	0	0	
-15.699	0.5	17.087	4	0	0	
-15.699	0.5	17.087	4	0	0	
-15.699	0.5	17.087	4	0	0	
-15.699	0.5	17.087	4	0	0	
-15.699	0.5	17.087	4	0	0	
-15.699	0.5	17.087	0	0	0	
-15.699	0.5	17.087	0	0	0	
-15.699	0.5	17.087	0	0	0	
-15.699	0.5	17.087	0	0	0	
-15.699	0.5	17.087	0	0	0	
-15.699	0.5	17.087	0	0	0	
-15.699	0.5	17.087	0	0	0	
-15.699	0.5	17.087	0	0	0	
-15.699	0.5	17.087	0	0	0	
-15.699	0.5	17.087	0	0	0	
-15.699	0.5	17.087	-4	0	0	
-15.699	0.5	17.087	-4	0	0	
-15.699	0.5	17.087	-4	0	0	
-15.699	0.5	17.087	-4	0	0	
-15.699	0.5	17.087	-4	0	0	
-15.699	0.5	17.087	-4	0	0	
-15.699	0.5	17.087	-4	0	0	
-15.699	0.5	17.087	-4	0	0	
-15.699	0.5	17.087	-4	0	0	
-15.699	0.5	17.087	-4	0	0	
-15.699	0.5	17.087	-8	0	0	
-15.699	0.5	17.087	-8	0	0	
-15.699	0.5	17.087	-8	0	0	
-15.699	0.5	17.087	-8	0	0	
-15.699	0.5	17.087	-8	0	0	
-15.699	0.5	17.087	-8	0	0	
-15.699	0.5	17.087	-8	0	0	
-15.699	0.5	17.087	-8	0	0	
-15.699	0.5	17.087	-8	0	0	
-15.699	0.5	17.087	-8	0	0	
-15.699	0.5	17.087	-12	0	0	
-15.699	0.5	17.087	-12	0	0	
-15.699	0.5	17.087	-12	0	0	
-15.699	0.5	17.087	-12	0	0	
-15.699	0.5	17.087	-12	0	0	
-15.699	0.5	17.087	-12	0	0	
-15.699	0.5	17.087	-12	0	0	
-15.699	0.5	17.087	-12	0	0	
-15.699	0.5	17.087	-12	0	0	
-15.699	0.5	17.087	-12	0	0	
-15.699	0.5	17.087	-12	0	4	
-15.699	0.5	17.087	-12	0	4	
-15.699	0.5	17.087	-12	0	4	
-15.699	0.5	17.087	-12	0	4	
-15.699	0.5	17.087	-12	0	4	
-15.699	0.5	17.087	-12	0	4	
-15.699	0.5	17.087	-12	0	4	
-15.699	0.5	17.087	-12	0	4	
-15.699	0.5	17.087	-12	0	4	
-15.699	0.5	17.087	-12	0	4	
-15.699	0.5	17.087	-12	0	8	
-15.699	0.5	17.087	-12	0	8	
-15.699	0.5	17.087	-12	0	8	
-15.699	0.5	17.087	-12	0	8	
-15.699	0.5	17.087	-12	0	8	
-15.699	0.5	17.087	-12	0	8	
-15.699	0.5	17.087	-12	0	8	
-15.699	0.5	17.087	-12	0	8	
-15.699	0.5	17.087	-12	0	8	
-15.699	0.5	17.087	-12	0	8	
-15.699	0.5	17.087	-12	0	12	
-15.699	0.5	17.087	-12	0	12	
-15.699	0.5	17.087	-12	0	12	
-15.699	0.5	17.087	-12	0	12	
-15.699	0.5	17.087	-12	0	12	
-15.699	0.5	17.087	-12	0	12	
-15.699	0.5	17.087	-12	0	12	
-15.699	0.5	17.087	-12	0	12	
-15.699	0.5	17.087	-12	0	12	
-15.699	0.5	17.087	-12	0	12	
-9.389	0.5	19.691	0	0	0	
-9.389	0.5	19.691	0	0	0	
-9.389	0.5	19.691	0	0	0	
-9.389	0.5	19.691	0	0	0	
-9.389	0.5	19.691	0	0	0	
-9.389	0.5	19.691	0	0	0	
-9.389	0.5	19.691	0	0	0	
-9.389	0.5	19.691	0	0	0	
-9.389	0.5	19.691	0	0	0	
-9.389	0.5	19.691	0	0	0	
-9.389	0.5	19.691	0	0	4	
-9.389	0.5	19.691	0	0	4	
-9.389	0.5	19.691	0	0	4	
-9.389	0.5	19.691	0	0	4	
-9.389	0.5	19.691	0	0	4	
-9.389	0.5	19.691	0	0	4	
-9.389	0.5	19.691	0	0	4	
-9.389	0.5	19.691	0	0	4	
-9.389	0.5	19.691	0	0	4	
-9.389	0.5	19.691	0	0	4	
-9.389	0.5	19.691	0	0	8	
-9.389	0.5	19.691	0	0	8	
-9.389	0.5	19.691	0	0	8	
-9.389	0.5	19.691	0	0	8	
-9.389	0.5	19.691	0	0	8	
-9.389	0.5	19.691	0	0	8	
-9.389	0.5	19.691	0	0	8	
-9.389	0.5	19.691	0	0	8	
-9.389	0.5	19.691	0	0	8	
-9.389	0.5	19.691	0	0	8	
-9.389	0.5	19.691	0	0	12	
-9.389	0.5	19.691	0	0	12	
-9.389	0.5	19.691	0	0	12	
-9.389	0.5	19.691	0	0	12	
-9.389	0.5	19.691	0	0	12	
-9.389	0.5	19.691	0	0	12	
-9.389	0.5	19.691	0	0	12	
-9.389	0.5	19.691	0	0	12	
-9.389	0.5	19.691	0	0	12	
-9.389	0.5	19.691	0	0	12	
-9.389	0.5	19.691	0	0	16	
-9.389	0.5	19.691	0	0	16	
-9.389	0.5	19.691	0	0	16	
-9.389	0.5	19.691	0	0	16	
-9.389	0.5	19.691	0	0	16	
-9.389	0.5	19.691	0	0	16	
-9.389	0.5	19.691	0	0	16	
-9.389	0.5	19.691	0	0	16	
-9.389	0.5	19.691	0	0	16	
-9.389	0.5	19.691	0	0	16	
-9.389	0.5	19.691	0	0	20	
-9.389	0.5	19.691	0	0	20	
-9.389	0.5	19.691	0	0	20	
-9.389	0.5	19.691	0	0	20	
-9.389	0.5	19.691	0	0	20	
-9.389	0.5	19.691	0	0	20	
-9.389	0.5	19.691	0	0	20	
-9.389	0.5	19.691	0	0	20	
-9.389	0.5	19.691	0	0	20	
-9.389	0.5	19.691	0	0	20	
-9.389	0.5	19.691	-4	0	20	
-9.389	0.5	19.691	-4	0	20	
-9.389	0.5	19.691	-4	0	20	
-9.389	0.5	19.691	-4	0	20	
-9.389	0.5	19.691	-4	0	20	
-9.389	0.5	19.691	-4	0	20	
-9.389	0.5	19.691	-4	0	20	
-9.389	0.5	19.691	-4	0	20	
-9.389	0.5	19.691	-4	0	20	
-9.389	0.5	19.691	-4	0	20	
-20.615	0.5	-17.721	0	0	0	
-20.615	0.5	-17.721	0	0	0	
-20.615	0.5	-17.721	0	0	0	
-20.615	0.5	-17.721	0	0	0	
-20.615	0.5	-17.721	0	0	0	
-20.615	0.5	-17.721	0	0	0	
-20.615	0.5	-17.721	0	0	0	
-20.615	0.5	-17.721	0	0	0	
-20.615	0.5	-17.721	0	0	0	
-20.615	0.5	-17.721	0	0	0	
-20.615	0.5	-17.721	0	0	-4	
-20.615	0.5	-17.721	0	0	-4	
-20.615	0.5	-17.721	0	0	-4	
-20.615	0.5	-17.721	0	0	-4	
-20.615	0.5	-17.721	0	0	-4	
-20.615	0.5	-17.721	0	0	-4	
-20.615	0.5	-17.721	0	0	-4	
-20.615	0.5	-17.721	0	0	-4	
-20.615	0.5	-17.721	0	0	-4	
-20.615	0.5	-17.721	0	0	-4	
-20.615	0.5	-17.721	0	0	-8	
-20.615	0.5	-17.721	0	0	-8	
-20.615	0.5	-17.721	0	0	-8	
-20.615	0.5	-17.721	0	0	-8	
-20.615	0.5	-17.721	0	0	-8	
-20.615	0.5	-17.721	0	0	-8	
-20.615	0.5	-17.721	0	0	-8	
-20.615	0.5	-17.721	0	0	-8	
-20.615	0.5	-17.721	0	0	-8	
-20.615	0.5	-17.721	0	0	-8	
-20.615	0.5	-17.721	0	0	-12	
-20.615	0.5	-17.721	0	0	-12	
-20.615	0.5	-17.721	0	0	-12	
-20.615	0.5	-17.721	0	0	-12	
-20.615	0.5	-17.721	0	0	-12	
-20.615	0.5	-17.721	0	0	-12	
-20.615	0.5	-17.721	0	0	-12	
-20.615	0.5	-17.721	0	0	-12	
-20.615	0.5	-17.721	0	0	-12	
-20.615	0.5	-17.721	0	0	-12	
-20.615	0.5	-17.721	0	0	-16	
-20.615	0.5	-17.721	0	0	-16	
-20.615	0.5	-17.721	0	0	-16	
-20.615	0.5	-17.721	0	0	-16	
-20.615	0.5	-17.721	0	0	-16	
-20.615	0.5	-17.721	0	0	-16	
-20.615	0.5	-17.721	0	0	-16	
-20.615	0.5	-17.721	0	0	-16	
-20.615	0.5	-17.721	0	0	-16	
-20.615	0.5	-17.721	0	0	-16	
-20.615	0.5	-17.721	-4	0	-16	
-20.615	0.5	-17.721	-4	0	-16	
-20.615	0.5	-17.721	-4	0	-16	
-20.615	0.5	-17.721	-4	0	-16	
-20.615	0.5	-17.721	-4	0	-16	
-20.615	0.5	-17.721	-4	0	-16	
-20.615	0.5	-17.721	-4	0	-16	
-20.615	0.5	-17.721	-4	0	-16	
-20.615	0.5	-17.721	-4	0	-16	
-20.615	0.5	-17.721	-4	0	-16	
-20.615	0.5	-17.721	-8	0	-16	
-20.615	0.5	-17.721	-8	0	-16	
-20.615	0.5	-17.721	-8	0	-16	
-20.615	0.5	-17.721	-8	0	-16	
-20.615	0.5	-17.721	-8	0	-16	
-20.615	0.5	-17.721	-8	0	-16	
-20.615	0.5	-17.721	-8	0	-16	
-20.615	0.5	-17.721	-8	0	-16	
-20.615	0.5	-17.721	-8	0	-16	
-20.615	0.5	-17.721	-8	0	-16	
-20.615	0.5	-17.721	-12	0	-16	
-20.615	0.5	-17.721	-12	0	-16	
-20.615	0.5	-17.721	-12	0	-16	
-20.615	0.5	-17.721	-12	0	-16	
-20.615	0.5	-17.721	-12	0	-16	
-20.615	0.5	-17.721	-12	0	-16	
-20.615	0.5	-17.721	-12	0	-16	
-20.615	0.5	-17.721	-12	0	-16	
-20.615	0.5	-17.721	-12	0	-16	
-20.615	0.5	-17.721	-12	0	-16	
-20.615	0.5	-17.721	-16	0	-16	
-20.615	0.5	-17.721	-16	0	-16	
-20.615	0.5	-17.721	-16	0	-16	
-20.615	0.5	-17.721	-16	0	-16	
-20.615	0.5	-17.721	-16	0	-16	
-20.615	0.5	-17.721	-16	0	-16	
-20.615	0.5	-17.721	-16	0	-16	
-20.615	0.5	-17.721	-16	0	-16	
-20.615	0.5	-17.721	-16	0	-16	
-20.615	0.5	-17.721	-16	0	-16	
-22.794	0.5	8.452	0	0	0	
-22.794	0.5	8.452	0	0	0	
-22.794	0.5	8.452	0	0	0	
-22.794	0.5	8.452	0	0	0	
-22.794	0.5	8.452	0	0	0	
-22.794	0.5	8.452	0	0	0	
-22.794	0.5	8.452	0	0	0	
-22.794	0.5	8.452	0	0	0	
-22.794	0.5	8.452	0	0	0	
-22.794	0.5	8.452	0	0	0	
-22.794	0.5	8.452	-4	0	0	
-22.794	0.5	8.452	-4	0	0	
-22.794	0.5	8.452	-4	0	0	
-22.794	0.5	8.452	-4	0	0	
-22.794	0.5	8.452	-4	0	0	
-22.794	0.5	8.452	-4	0	0	
-22.794	0.5	8.452	-4	0	0	
-22.794	0.5	8.452	-4	0	0	
-22.794	0.5	8.452	-4	0	0	
-22.794	0.5	8.452	-4	0	0	
-22.794	0.5	8.452	-8	0	0	
-22.794	0.5	8.452	-8	0	0	
-22.794	0.5	8.452	-8	0	0	
-22.794	0.5	8.452	-8	0	0	
-22.794	0.5	8.452	-8	0	0	
-22.794	0.5	8.452	-8	0	0	
-22.794	0.5	8.452	-8	0	0	
-22.794	0.5	8.452	-8	0	0	
-22.794	0.5	8.452	-8	0	0	
-22.794	0.5	8.452	-8	0	0	
-22.794	0.5	8.452	-12	0	0	
-22.794	0.5	8.452	-12	0	0	
-22.794	0.5	8.452	-12	0	0	
-22.794	0.5	8.452	-12	0	0	
-22.794	0.5	8.452	-12	0	0	
-22.794	0.5	8.452	-12	0	0	
-22.794	0.5	8.452	-12	0	0	
-22.794	0.5	8.452	-12	0	0	
-22.794	0.5	8.452	-12	0	0	
-22.794	0.5	8.452	-12	0	0	
-22.794	0.5	8.452	-16	0	0	
-22.794	0.5	8.452	-16	0	0	
-22.794	0.5	8.452	-16	0	0	
-22.794	0.5	8.452	-16	0	0	
-22.794	0.5	8.452	-16	0	0	
-22.794	0.5	8.452	-16	0	0	
-22.794	0.5	8.452	-16	0	0	
-22.794	0.5	8.452	-16	0	0	
-22.794	0.5	8.452	-16	0	0	
-22.794	0.5	8.452	-16	0	0	
-22.794	0.5	8.452	-20	0	0	
-22.794	0.5	8.452	-20	0	0	
-22.794	0.5	8.452	-20	0	0	
-22.794	0.5	8.452	-20	0	0	
-22.794	0.5	8.452	-20	0	0	
-22.794	0.5	8.452	-20	0	0	
-22.794	0.5	8.452	-20	0	0	
-22.794	0.5	8.452	-20	0	0	
-22.794	0.5	8.452	-20	0	0	
-22.794	0.5	8.452	-20	0	0	
-22.794	0.5	8.452	-24	0	0	
-22.794	0.5	8.452	-24	0	0	
-22.794	0.5	8.452	-24	0	0	
-22.794	0.5	8.452	-24	0	0	
-22.794	0.5	8.452	-24	0	0	
-22.794	0.5	8.452	-24	0	0	
-22.794	0.5	8.452	-24	0	0	
-22.794	0.5	8.452	-24	0	0	
-22.794	0.5	8.452	-24	0	0	
-22.794	0.5	8.452	-24	0	0	
-15.566	0.5	1.061	0	0	0	
-15.566	0.5	1.061	0	0	0	
-15.566	0.5	1.061	0	0	0	
-15.566	0.5	1.061	0	0	0	
-15.566	0.5	1.061	0	0	0	
-15.566	0.5	1.061	0	0	0	
-15.566	0.5	1.061	0	0	0	
-15.566	0.5	1.061	0	0	0	
-15.566	0.5	1.061	0	0	0	
-15.566	0.5	1.061	0	0	0	
-15.566	0.5	1.061	-4	0	0	
-15.566	0.5	1.061	-4	0	0	
-15.566	0.5	1.061	-4	0	0	
-15.566	0.5	1.061	-4	0	0	
-15.566	0.5	1.061	-4	0	0	
-15.566	0.5	1.061	-4	0	0	
-15.566	0.5	1.061	-4	0	0	
-15.566	0.5	1.061	-4	0	0	
-15.566	0.5	1.061	-4	0	0	
-15.566	0.5	1.061	-4	0	0	
-15.566	0.5	1.061	-8	0	0	
-15.566	0.5	1.061	-8	0	0	
-15.566	0.5	1.061	-8	0	0	
-15.566	0.5	1.061	-8	0	0	
-15.566	0.5	1.061	-8	0	0	
-15.566	0.5	1.061	-8	0	0	
-15.566	0.5	1.061	-8	0	0	
-15.566	0.5	1.061	-8	0	0	
-15.566	0.5	1.061	-8	0	0	
-15.566	0.5	1.061	-8	0	0	
8.595	0.5	1.056	0	0	0	
8.595	0.5	1.056	0	0	0	
8.595	0.5	1.056	0	0	0	
8.595	0.5	1.056	0	0	0	
8.595	0.5	1.056	0	0	0	
8.595	0.5	1.056	0	0	0	
8.595	0.5	1.056	0	0	0	
8.595	0.5	1.056	0	0	0	
8.595	0.5	1.056	0	0	0	
8.595	0.5	1.056	0	0	0	
8.595	0.5	1.056	-4	0	0	
8.595	0.5	1.056	-4	0	0	
8.595	0.5	1.056	-4	0	0	
8.595	0.5	1.056	-4	0	0	
8.595	0.5	1.056	-4	0	0	
8.595	0.5	1.056	-4	0	0	
8.595	0.5	1.056	-4	0	0	
8.595	0.5	1.056	-4	0	0	
8.595	0.5	1.056	-4	0	0	
8.595	0.5	1.056	-4	0	0	
8.595	0.5	1.056	0	0	0	
8.595	0.5	1.056	0	0	0	
8.595	0.5	1.056	0	0	0	
8.595	0.5	1.056	0	0	0	
8.595	0.5	1.056	0	0	0	
8.595	0.5	1.056	0	0	0	
8.595	0.5	1.056	0	0	0	
8.595	0.5	1.056	0	0	0	
8.595	0.5	1.056	0	0	0	
8.595	0.5	1.056	0	0	0	
-13.524	0.5	-0.897	0	0	0	
-13.524	0.5	-0.897	0	0	0	
-13.524	0.5	-0.897	0	0	0	
-13.524	0.5	-0.897	0	0	0	
-13.524	0.5	-0.897	0	0	0	
-13.524	0.5	-0.897	0	0	0	
-13.524	0.5	-0.897	0	0	0	
-13.524	0.5	-0.897	0	0	0	
-13.524	0.5	-0.897	0	0	0	
-13.524	0.5	-0.897	0	0	0	
-13.524	0.5	-0.897	4	0	0	
-13.524	0.5	-0.897	4	0	0	
-13.524	0.5	-0.897	4	0	0	
-13.524	0.5	-0.897	4	0	0	
-13.524	0.5	-0.897	4	0	0	
-13.524	0.5	-0.897	4	0	0	
-13.524	0.5	-0.897	4	0	0	
-13.524	0.5	-0.897	4	0	0	
-13.524	0.5	-0.897	4	0	0	
-13.524	0.5	-0.897	4	0	0	
-13.524	0.5	-0.897	0	0	0	
-13.524	0.5	-0.897	0	0	0	
-13.524	0.5	-0.897	0	0	0	
-13.524	0.5	-0.897	0	0	0	
-13.524	0.5	-0.897	0	0	0	
-13.524	0.5	-0.897	0	0	0	
-13.524	0.5	-0.897	0	0	0	
-13.524	0.5	-0.897	0	0	0	
-13.524	0.5	-0.897	0	0	0	
-13.524	0.5	-0.897	0	0	0	
-13.524	0.5	-0.897	-4	0	0	
-13.524	0.5	-0.897	-4	0	0	
-13.524	0.5	-0.897	-4	0	0	
-13.524	0.5	-0.897	-4	0	0	
-13.524	0.5	-0.897	-4	0	0	
-13.524	0.5	-0.897	-4	0	0	
-13.524	0.5	-0.897	-4	0	0	
-13.524	0.5	-0.897	-4	0	0	
-13.524	0.5	-0.897	-4	0	0	
-13.524	0.5	-0.897	-4	0	0	
-13.524	0.5	-0.897	-8	0	0	
-13.524	0.5	-0.897	-8	0	0	
-13.524	0.5	-0.897	-8	0	0	
-13.524	0.5	-0.897	-8	0	0	
-13.524	0.5	-0.897	-8	0	0	
-13.524	0.5	-0.897	-8	0	0	
-13.524	0.5	-0.897	-8	0	0	
-13.524	0.5	-0.897	-8	0	0	
-13.524	0.5	-0.897	-8	0	0	
-13.524	0.5	-0.897	-8	0	0	
-0.706	0.5	23.327	0	0	0	
-0.706	0.5	23.327	0	0	0	
-0.706	0.5	23.327	0	0	0	
-0.706	0.5	23.327	0	0	0	
-0.706	0.5	23.327	0	0	0	
-0.706	0.5	23.327	0	0	0	
-0.706	0.5	23.327	0	0	0	
-0.706	0.5	23.327	0	0	0	
-0.706	0.5	23.327	0	0	0	
-0.706	0.5	23.327	0	0	0	
-0.706	0.5	23.327	0	0	4	
-0.706	0.5	23.327	0	0	4	
-0.706	0.5	23.327	0	0	4	
-0.706	0.5	23.327	0	0	4	
-0.706	0.5	23.327	0	0	4	
-0.706	0.5	23.327	0	0	4	
-0.706	0.5	23.327	0	0	4	
-0.706	0.5	23.327	0	0	4	
-0.706	0.5	23.327	0	0	4	
-0.706	0.5	23.327	0	0	4	
-0.706	0.5	23.327	0	0	8	
-0.706	0.5	23.327	0	0	8	
-0.706	0.5	23.327	0	0	8	
-0.706	0.5	23.327	0	0	8	
-0.706	0.5	23.327	0	0	8	
-0.706	0.5	23.327	0	0	8	
-0.706	0.5	23.327	0	0	8	
-0.706	0.5	23.327	0	0	8	
-0.706	0.5	23.327	0	0	8	
-0.706	0.5	23.327	0	0	8	
-0.706	0.5	23.327	0	0	12	
-0.706	0.5	23.327	0	0	12	
-0.706	0.5	23.327	0	0	12	
-0.706	0.5	23.327	0	0	12	
-0.706	0.5	23.327	0	0	12	
-0.706	0.5	23.327	0	0	12	
-0.706	0.5	23.327	0	0	12	
-0.706	0.5	23.327	0	0	12	
-0.706	0.5	23.327	0	0	12	
-0.706	0.5	23.327	0	0	12	
-0.706	0.5	23.327	0	0	16	
-0.706	0.5	23.327	0	0	16	
-0.706	0.5	23.327	0	0	16	
-0.706	0.5	23.327	0	0	16	
-0.706	0.5	23.327	0	0	16	
-0.706	0.5	23.327	0	0	16	
-0.706	0.5	23.327	0	0	16	
-0.706	0.5	23.327	0	0	16	
-0.706	0.5	23.327	0	0	16	
-0.706	0.5	23.327	0	0	16	
-1.517	0.5	-22.196	0	0	0	
-1.517	0.5	-22.196	0	0	0	
-1.517	0.5	-22.196	0	0	0	
-1.517	0.5	-22.196	0	0	0	
-1.517	0.5	-22.196	0	0	0	
-1.517	0.5	-22.196	0	0	0	
-1.517	0.5	-22.196	0	0	0	
-1.517	0.5	-22.196	0	0	0	
-1.517	0.5	-22.196	0	0	0	
-1.517	0.5	-22.196	0	0	0	
-1.517	0.5	-22.196	0	0	-4	
-1.517	0.5	-22.196	0	0	-4	
-1.517	0.5	-22.196	0	0	-4	
-1.517	0.5	-22.196	0	0	-4	
-1.517	0.5	-22.196	0	0	-4	
-1.517	0.5	-22.196	0	0	-4	
-1.517	0.5	-22.196	0	0	-4	
-1.517	0.5	-22.196	0	0	-4	
-1.517	0.5	-22.196	0	0	-4	
-1.517	0.5	-22.196	0	0	-4	
-1.517	0.5	-22.196	0	0	-8	
-1.517	0.5	-22.196	0	0	-8	
-1.517	0.5	-22.196	0	0	-8	
-1.517	0.5	-22.196	0	0	-8	
-1.517	0.5	-22.196	0	0	-8	
-1.517	0.5	-22.196	0	0	-8	
-1.517	0.5	-22.196	0	0	-8	
-1.517	0.5	-22.196	0	0	-8	
-1.517	0.5	-22.196	0	0	-8	
-1.517	0.5	-22.196	0	0	-8	
-1.517	0.5	-22.196	0	0	-12	
-1.517	0.5	-22.196	0	0	-12	
-1.517	0.5	-22.196	0	0	-12	
-1.517	0.5	-22.196	0	0	-12	
-1.517	0.5	-22.196	0	0	-12	
-1.517	0.5	-22.196	0	0	-12	
-1.517	0.5	-22.196	0	0	-12	
-1.517	0.5	-22.196	0	0	-12	
-1.517	0.5	-22.196	0	0	-12	
-1.517	0.5	-22.196	0	0	-12	
-1.517	0.5	-22.196	0	0	-16	
-1.517	0.5	-22.196	0	0	-16	
-1.517	0.5	-22.196	0	0	-16	
-1.517	0.5	-22.196	0	0	-16	
-1.517	0.5	-22.196	0	0	-16	
-1.517	0.5	-22.196	0	0	-16	
-1.517	0.5	-22.196	0	0	-16	
-1.517	0.5	-22.196	0	0	-16	
-1.517	0.5	-22.196	0	0	-16	
-1.517	0.5	-22.196	0	0	-16	
9.393	0.5	-11.532	0	0	0	
9.393	0.5	-11.532	0	0	0	
9.393	0.5	-11.532	0	0	0	
9.393	0.5	-11.532	0	0	0	
9.393	0.5	-11.532	0	0	0	
9.393	0.5	-11.532	0	0	0	
9.393	0.5	-11.532	0	0	0	
9.393	0.5	-11.532	0	0	0	
9.393	0.5	-11.532	0	0	0	
9.393	0.5	-11.532	0	0	0	
9.393	0.5	-11.532	0	0	-4	
9.393	0.5	-11.532	0	0	-4	
9.393	0.5	-11.532	0	0	-4	
9.393	0.5	-11.532	0	0	-4	
9.393	0.5	-11.532	0	0	-4	
9.393	0.5	-11.532	0	0	-4	
9.393	0.5	-11.532	0	0	-4	
9.393	0.5	-11.532	0	0	-4	
9.393	0.5	-11.532	0	0	-4	
9.393	0.5	-11.532	0	0	-4	
9.393	0.5	-11.532	0	0	-8	
9.393	0.5	-11.532	0	0	-8	
9.393	0.5	-11.532	0	0	-8	
9.393	0.5	-11.532	0	0	-8	
9.393	0.5	-11.532	0	0	-8	
9.393	0.5	-11.532	0	0	-8	
9.393	0.5	-11.532	0	0	-8	
9.393	0.5	-11.532	0	0	-8	
9.393	0.5	-11.532	0	0	-8	
9.393	0.5	-11.532	0	0	-8	
9.393	0.5	-11.532	0	0	-12	
9.393	0.5	-11.532	0	0	-12	
9.393	0.5	-11.532	0	0	-12	
9.393	0.5	-11.532	0	0	-12	
9.393	0.5	-11.532	0	0	-12	
9.393	0.5	-11.532	0	0	-12	
9.393	0.5	-11.532	0	0	-12	
9.393	0.5	-11.532	0	0	-12	
9.393	0.5	-11.532	0	0	-12	
9.393	0.5	-11.532	0	0	-12	
9.393	0.5	-11.532	4	0	-12	
9.393	0.5	-11.532	4	0	-12	
9.393	0.5	-11.532	4	0	-12	
9.393	0.5	-11.532	4	0	-12	
9.393	0.5	-11.532	4	0	-12	
9.393	0.5	-11.532	4	0	-12	
9.393	0.5	-11.532	4	0	-12	
9.393	0.5	-11.532	4	0	-12	
9.393	0.5	-11.532	4	0	-12	
9.393	0.5	-11.532	4	0	-12	
-5.27	0.5	-18.706	0	0	0	
-5.27	0.5	-18.706	0	0	0	
-5.27	0.5	-18.706	0	0	0	
-5.27	0.5	-18.706	0	0	0	
-5.27	0.5	-18.706	0	0	0	
-5.27	0.5	-18.706	0	0	0	
-5.27	0.5	-18.706	0	0	0	
-5.27	0.5	-18.706	0	0	0	
-5.27	0.5	-18.706	0	0	0	
-5.27	0.5	-18.706	0	0	0	
-5.27	0.5	-18.706	0	0	-4	
-5.27	0.5	-18.706	0	0	-4	
-5.27	0.5	-18.706	0	0	-4	
-5.27	0.5	-18.706	0	0	-4	
-5.27	0.5	-18.706	0	0	-4	
-5.27	0.5	-18.706	0	0	-4	
-5.27	0.5	-18.706	0	0	-4	
-5.27	0.5	-18.706	0	0	-4	
-5.27	0.5	-18.706	0	0	-4	
-5.27	0.5	-18.706	0	0	-4	
-5.27	0.5	-18.706	0	0	-8	
-5.27	0.5	-18.706	0	0	-8	
-5.27	0.5	-18.706	0	0	-8	
-5.27	0.5	-18.706	0	0	-8	
-5.27	0.5	-18.706	0	0	-8	
-5.27	0.5	-18.706	0	0	-8	
-5.27	0.5	-18.706	0	0	-8	
-5.27	0.5	-18.706	0	0	-8	
-5.27	0.5	-18.706	0	0	-8	
-5.27	0.5	-18.706	0	0	-8	
-5.27	0.5	-18.706	0	0	-12	
-5.27	0.5	-18.706	0	0	-12	
-5.27	0.5	-18.706	0	0	-12	
-5.27	0.5	-18.706	0	0	-12	
-5.27	0.5	-18.706	0	0	-12	
-5.27	0.5	-18.706	0	0	-12	
-5.27	0.5	-18.706	0	0	-12	
-5.27	0.5	-18.706	0	0	-12	
-5.27	0.5	-18.706	0	0	-12	
-5.27	0.5	-18.706	0	0	-12	
-5.27	0.5	-18.706	0	0	-16	
-5.27	0.5	-18.706	0	0	-16	
-5.27	0.5	-18.706	0	0	-16	
-5.27	0.5	-18.706	0	0	-16	
-5.27	0.5	-18.706	0	0	-16	
-5.27	0.5	-18.706	0	0	-16	
-5.27	0.5	-18.706	0	0	-16	
-5.27	0.5	-18.706	0	0	-16	
-5.27	0.5	-18.706	0	0	-16	
-5.27	0.5	-18.706	0	0	-16	
-11.426	0.5	-2.905	0	0	0	
-11.426	0.5	-2.905	0	0	0	
-11.426	0.5	-2.905	0	0	0	
-11.426	0.5	-2.905	0	0	0	
-11.426	0.5	-2.905	0	0	0	
-11.426	0.5	-2.905	0	0	0	
-11.426	0.5	-2.905	0	0	0	
-11.426	0.5	-2.905	0	0	0	
-11.426	0.5	-2.905	0	0	0	
-11.426	0.5	-2.905	0	0	0	
-11.426	0.5	-2.905	-4	0	0	
-11.426	0.5	-2.905	-4	0	0	
-11.426	0.5	-2.905	-4	0	0	
-11.426	0.5	-2.905	-4	0	0	
-11.426	0.5	-2.905	-4	0	0	
-11.426	0.5	-2.905	-4	0	0	
-11.426	0.5	-2.905	-4	0	0	
-11.426	0.5	-2.905	-4	0	0	
-11.426	0.5	-2.905	-4	0	0	
-11.426	0.5	-2.905	-4	0	0	
9.032	0.5	-21.3	0	0	0	
9.032	0.5	-21.3	0	0	0	
9.032	0.5	-21.3	0	0	0	
9.032	0.5	-21.3	0	0	0	
9.032	0.5	-21.3	0	0	0	
9.032	0.5	-21.3	0	0	0	
9.032	0.5	-21.3	0	0	0	
9.032	0.5	-21.3	0	0	0	
9.032	0.5	-21.3	0	0	0	
9.032	0.5	-21.3	0	0	0	
9.032	0.5	-21.3	-4	0	0	
9.032	0.5	-21.3	-4	0	0	
9.032	0.5	-21.3	-4	0	0	
9.032	0.5	-21.3	-4	0	0	
9.032	0.5	-21.3	-4	0	0	
9.032	0.5	-21.3	-4	0	0	
9.032	0.5	-21.3	-4	0	0	
9.032	0.5	-21.3	-4	0	0	
9.032	0.5	-21.3	-4	0	0	
9.032	0.5	-21.3	-4	0	0	
9.032	0.5	-21.3	-4	0	-4	
9.032	0.5	-21.3	-4	0	-4	
9.032	0.5	-21.3	-4	0	-4	
9.032	0.5	-21.3	-4	0	-4	
9.032	0.5	-21.3	-4	0	-4	
9.032	0.5	-21.3	-4	0	-4	
9.032	0.5	-21.3	-4	0	-4	
9.032	0.5	-21.3	-4	0	-4	
9.032	0.5	-21.3	-4	0	-4	
9.032	0.5	-21.3	-4	0	-4	
9.032	0.5	-21.3	-4	0	-8	
9.032	0.5	-21.3	-4	0	-8	
9.032	0.5	-21.3	-4	0	-8	
9.032	0.5	-21.3	-4	0	-8	
9.032	0.5	-21.3	-4	0	-8	
9.032	0.5	-21.3	-4	0	-8	
9.032	0.5	-21.3	-4	0	-8	
9.032	0.5	-21.3	-4	0	-8	
9.032	0.5	-21.3	-4	0	-8	
9.032	0.5	-21.3	-4	0	-8	
9.032	0.5	-21.3	-4	0	-12	
9.032	0.5	-21.3	-4	0	-12	
9.032	0.5	-21.3	-4	0	-12	
9.032	0.5	-21.3	-4	0	-12	
9.032	0.5	-21.3	-4	0	-12	
9.032	0.5	-21.3	-4	0	-12	
9.032	0.5	-21.3	-4	0	-12	
9.032	0.5	-21.3	-4	0	-12	
9.032	0.5	-21.3	-4	0	-12	
9.032	0.5	-21.3	-4	0	-12	
9.032	0.5	-21.3	-4	0	-16	
9.032	0.5	-21.3	-4	0	-16	
9.032	0.5	-21.3	-4	0	-16	
9.032	0.5	-21.3	-4	0	-16	
9.032	0.5	-21.3	-4	0	-16	
9.032	0.5	-21.3	-4	0	-16	
9.032	0.5	-21.3	-4	0	-16	
9.032	0.5	-21.3	-4	0	-16	
9.032	0.5	-21.3	-4	0	-16	
9.032	0.5	-21.3	-4	0	-16	
9.032	0.5	-21.3	-4	0	-20	
9.032	0.5	-21.3	-4	0	-20	
9.032	0.5	-21.3	-4	0	-20	
9.032	0.5	-21.3	-4	0	-20	
9.032	0.5	-21.3	-4	0	-20	
9.032	0.5	-21.3	-4	0	-20	
9.032	0.5	-21.3	-4	0	-20	
9.032	0.5	-21.3	-4	0	-20	
9.032	0.5	-21.3	-4	0	-20	
9.032	0.5	-21.3	-4	0	-20	
9.032	0.5	-21.3	0	0	-20	
9.032	0.5	-21.3	0	0	-20	
9.032	0.5	-21.3	0	0	-20	
9.032	0.5	-21.3	0	0	-20	
9.032	0.5	-21.3	0	0	-20	
9.032	0.5	-21.3	0	0	-20	
9.032	0.5	-21.3	0	0	-20	
9.032	0.5	-21.3	0	0	-20	
9.032	0.5	-21.3	0	0	-20	
9.032	0.5	-21.3	0	0	-20	
9.032	0.5	-21.3	4	0	-20	
9.032	0.5	-21.3	4	0	-20	
9.032	0.5	-21.3	4	0	-20	
9.032	0.5	-21.3	4	0	-20	
9.032	0.5	-21.3	4	0	-20	
9.032	0.5	-21.3	4	0	-20	
9.032	0.5	-21.3	4	0	-20	
9.032	0.5	-21.3	4	0	-20	
9.032	0.5	-21.3	4	0	-20	
9.032	0.5	-21.3	4	0	-20	
15.301	0.5	14.761	0	0	0	
15.301	0.5	14.761	0	0	0	
15.301	0.5	14.761	0	0	0	
15.301	0.5	14.761	0	0	0	
15.301	0.5	14.761	0	0	0	
15.301	0.5	14.761	0	0	0	
15.301	0.5	14.761	0	0	0	
15.301	0.5	14.761	0	0	0	
15.301	0.5	14.761	0	0	0	
15.301	0.5	14.761	0	0	0	
15.301	0.5	14.761	4	0	0	
15.301	0.5	14.761	4	0	0	
15.301	0.5	14.761	4	0	0	
15.301	0.5	14.761	4	0	0	
15.301	0.5	14.761	4	0	0	
15.301	0.5	14.761	4	0	0	
15.301	0.5	14.761	4	0	0	
15.301	0.5	14.761	4	0	0	
15.301	0.5	14.761	4	0	0	
15.301	0.5	14.761	4	0	0	
15.301	0.5	14.761	8	0	0	
15.301	0.5	14.761	8	0	0	
15.301	0.5	14.761	8	0	0	
15.301	0.5	14.761	8	0	0	
15.301	0.5	14.761	8	0	0	
15.301	0.5	14.761	8	0	0	
15.301	0.5	14.761	8	0	0	
15.301	0.5	14.761	8	0	0	
15.301	0.5	14.761	8	0	0	
15.301	0.5	14.761	8	0	0	
15.301	0.5	14.761	12	0	0	
15.301	0.5	14.761	12	0	0	
15.301	0.5	14.761	12	0	0	
15.301	0.5	14.761	12	0	0	
15.301	0.5	14.761	12	0	0	
15.301	0.5	14.761	12	0	0	
15.301	0.5	14.761	12	0	0	
15.301	0.5	14.761	12	0	0	
15.301	0.5	14.761	12	0	0	
15.301	0.5	14.761	12	0	0	
15.301	0.5	14.761	16	0	0	
15.301	0.5	14.761	16	0	0	
15.301	0.5	14.761	16	0	0	
15.301	0.5	14.761	16	0	0	
15.301	0.5	14.761	16	0	0	
15.301	0.5	14.761	16	0	0	
15.301	0.5	14.761	16	0	0	
15.301	0.5	14.761	16	0	0	
15.301	0.5	14.761	16	0	0	
15.301	0.5	14.761	16	0	0	
15.301	0.5	14.761	16	0	4	
15.301	0.5	14.761	16	0	4	
15.301	0.5	14.761	16	0	4	
15.301	0.5	14.761	16	0	4	
15.301	0.5	14.761	16	0	4	
15.301	0.5	14.761	16	0	4	
15.301	0.5	14.761	16	0	4	
15.301	0.5	14.761	16	0	4	
15.301	0.5	14.761	16	0	4	
15.301	0.5	14.761	16	0	4	
15.301	0.5	14.761	16	0	8	
15.301	0.5	14.761	16	0	8	
15.301	0.5	14.761	16	0	8	
15.301	0.5	14.761	16	0	8	
15.301	0.5	14.761	16	0	8	
15.301	0.5	14.761	16	0	8	
15.301	0.5	14.761	16	0	8	
15.301	0.5	14.761	16	0	8	
15.301	0.5	14.761	16	0	8	
15.301	0.5	14.761	16	0	8	
7.21	0.5	0.889	0	0	0	
7.21	0.5	0.889	0	0	0	
7.21	0.5	0.889	0	0	0	
7.21	0.5	0.889	0	0	0	
7.21	0.5	0.889	0	0	0	
7.21	0.5	0.889	0	0	0	
7.21	0.5	0.889	0	0	0	
7.21	0.5	0.889	0	0	0	
7.21	0.5	0.889	0	0	0	
7.21	0.5	0.889	0	0	0	
-3.766	0.5	-5.757	0	0	0	
-3.766	0.5	-5.757	0	0	0	
-3.766	0.5	-5.757	0	0	0	
-3.766	0.5	-5.757	0	0	0	
-3.766	0.5	-5.757	0	0	0	
-3.766	0.5	-5.757	0	0	0	
-3.766	0.5	-5.757	0	0	0	
-3.766	0.5	-5.757	0	0	0	
-3.766	0.5	-5.757	0	0	0	
-3.766	0.5	-5.757	0	0	0	
-3.766	0.5	-5.757	4	0	0	
-3.766	0.5	-5.757	4	0	0	
-3.766	0.5	-5.757	4	0	0	
-3.766	0.5	-5.757	4	0	0	
-3.766	0.5	-5.757	4	0	0	
-3.766	0.5	-5.757	4	0	0	
-3.766	0.5	-5.757	4	0	0	
-3.766	0.5	-5.757	4	0	0	
-3.766	0.5	-5.757	4	0	0	
-3.766	0.5	-5.757	4	0	0	
-3.766	0.5	-5.757	4	0	-4	
-3.766	0.5	-5.757	4	0	-4	
-3.766	0.5	-5.757	4	0	-4	
-3.766	0.5	-5.757	4	0	-4	
-3.766	0.5	-5.757	4	0	-4	
-3.766	0.5	-5.757	4	0	-4	
-3.766	0.5	-5.757	4	0	-4	
-3.766	0.5	-5.757	4	0	-4	
-3.766	0.5	-5.757	4	0	-4	
-3.766	0.5	-5.757	4	0	-4	
-3.766	0.5	-5.757	4	0	-8	
-3.766	0.5	-5.757	4	0	-8	
-3.766	0.5	-5.757	4	0	-8	
-3.766	0.5	-5.757	4	0	-8	
-3.766	0.5	-5.757	4	0	-8	
-3.766	0.5	-5.757	4	0	-8	
-3.766	0.5	-5.757	4	0	-8	
-3.766	0.5	-5.757	4	0	-8	
-3.766	0.5	-5.757	4	0	-8	
-3.766	0.5	-5.757	4	0	-8	
-4.806	0.5	-3.371	0	0	0	
-4.806	0.5	-3.371	0	0	0	
-4.806	0.5	-3.371	0	0	0	
-4.806	0.5	-3.371	0	0	0	
-4.806	0.5	-3.371	0	0	0	
-4.806	0.5	-3.371	0	0	0	
-4.806	0.5	-3.371	0	0	0	
-4.806	0.5	-3.371	0	0	0	
-4.806	0.5	-3.371	0	0	0	
-4.806	0.5	-3.371	0	0	0	
-4.806	0.5	-3.371	-4	0	0	
-4.806	0.5	-3.371	-4	0	0	
-4.806	0.5	-3.371	-4	0	0	
-4.806	0.5	-3.371	-4	0	0	
-4.806	0.5	-3.371	-4	0	0	
-4.806	0.5	-3.371	-4	0	0	
-4.806	0.5	-3.371	-4	0	0	
-4.806	0.5	-3.371	-4	0	0	
-4.806	0.5	-3.371	-4	0	0	
-4.806	0.5	-3.371	-4	0	0	
-4.806	0.5	-3.371	-4	0	-4	
-4.806	0.5	-3.371	-4	0	-4	
-4.806	0.5	-3.371	-4	0	-4	
-4.806	0.5	-3.371	-4	0	-4	
-4.806	0.5	-3.371	-4	0	-4	
-4.806	0.5	-3.371	-4	0	-4	
-4.806	0.5	-3.371	-4	0	-4	
-4.806	0.5	-3.371	-4	0	-4	
-4.806	0.5	-3.371	-4	0	-4	
-4.806	0.5	-3.371	-4	0	-4	
-4.806	0.5	-3.371	-4	0	-8	
-4.806	0.5	-3.371	-4	0	-8	
-4.806	0.5	-3.371	-4	0	-8	
-4.806	0.5	-3.371	-4	0	-8	
-4.806	0.5	-3.371	-4	0	-8	
-4.806	0.5	-3.371	-4	0	-8	
-4.806	0.5	-3.371	-4	0	-8	
-4.806	0.5	-3.371	-4	0	-8	
-4.806	0.5	-3.371	-4	0	-8	
-4.806	0.5	-3.371	-4	0	-8	
-4.806	0.5	-3.371	-4	0	-12	
-4.806	0.5	-3.371	-4	0	-12	
-4.806	0.5	-3.371	-4	0	-12	
-4.806	0.5	-3.371	-4	0	-12	
-4.806	0.5	-3.371	-4	0	-12	
-4.806	0.5	-3.371	-4	0	-12	
-4.806	0.5	-3.371	-4	0	-12	
-4.806	0.5	-3.371	-4	0	-12	
-4.806	0.5	-3.371	-4	0	-12	
-4.806	0.5	-3.371	-4	0	-12	
-4.806	0.5	-3.371	-4	0	-8	
-4.806	0.5	-3.371	-4	0	-8	
-4.806	0.5	-3.371	-4	0	-8	
-4.806	0.5	-3.371	-4	0	-8	
-4.806	0.5	-3.371	-4	0	-8	
-4.806	0.5	-3.371	-4	0	-8	
-4.806	0.5	-3.371	-4	0	-8	
-4.806	0.5	-3.371	-4	0	-8	
-4.806	0.5	-3.371	-4	0	-8	
-4.806	0.5	-3.371	-4	0	-8	
2.532	0.5	18.782	0	0	0	
2.532	0.5	18.782	0	0	0	
2.532	0.5	18.782	0	0	0	
2.532	0.5	18.782	0	0	0	
2.532	0.5	18.782	0	0	0	
2.532	0.5	18.782	0	0	0	
2.532	0.5	18.782	0	0	0	
2.532	0.5	18.782	0	0	0	
2.532	0.5	18.782	0	0	0	
2.532	0.5	18.782	0	0	0	
2.532	0.5	18.782	0	0	4	
2.532	0.5	18.782	0	0	4	
2.532	0.5	18.782	0	0	4	
2.532	0.5	18.782	0	0	4	
2.532	0.5	18.782	0	0	4	
2.532	0.5	18.782	0	0	4	
2.532	0.5	18.782	0	0	4	
2.532	0.5	18.782	0	0	4	
2.532	0.5	18.782	0	0	4	
2.532	0.5	18.782	0	0	4	
2.532	0.5	18.782	0	0	8	
2.532	0.5	18.782	0	0	8	
2.532	0.5	18.782	0	0	8	
2.532	0.5	18.782	0	0	8	
2.532	0.5	18.782	0	0	8	
2.532	0.5	18.782	0	0	8	
2.532	0.5	18.782	0	0	8	
2.532	0.5	18.782	0	0	8	
2.532	0.5	18.782	0	0	8	
2.532	0.5	18.782	0	0	8	
2.532	0.5	18.782	0	0	12	
2.532	0.5	18.782	0	0	12	
2.532	0.5	18.782	0	0	12	
2.532	0.5	18.782	0	0	12	
2.532	0.5	18.782	0	0	12	
2.532	0.5	18.782	0	0	12	
2.532	0.5	18.782	0	0	12	
2.532	0.5	18.782	0	0	12	
2.532	0.5	18.782	0	0	12	
2.532	0.5	18.782	0	0	12	
23.119	0.5	-23.503	0	0	0	
23.119	0.5	-23.503	0	0	0	
23.119	0.5	-23.503	0	0	0	
23.119	0.5	-23.503	0	0	0	
23.119	0.5	-23.503	0	0	0	
23.119	0.5	-23.503	0	0	0	
23.119	0.5	-23.503	0	0	0	
23.119	0.5	-23.503	0	0	0	
23.119	0.5	-23.503	0	0	0	
23.119	0.5	-23.503	0	0	0	
23.119	0.5	-23.503	0	0	-4	
23.119	0.5	-23.503	0	0	-4	
23.119	0.5	-23.503	0	0	-4	
23.119	0.5	-23.503	0	0	-4	
23.119	0.5	-23.503	0	0	-4	
23.119	0.5	-23.503	0	0	-4	
23.119	0.5	-23.503	0	0	-4	
23.119	0.5	-23.503	0	0	-4	
23.119	0.5	-23.503	0	0	-4	
23.119	0.5	-23.503	0	0	-4	
23.119	0.5	-23.503	0	0	-8	
23.119	0.5	-23.503	0	0	-8	
23.119	0.5	-23.503	0	0	-8	
23.119	0.5	-23.503	0	0	-8	
23.119	0.5	-23.503	0	0	-8	
23.119	0.5	-23.503	0	0	-8	
23.119	0.5	-23.503	0	0	-8	
23.119	0.5	-23.503	0	0	-8	
23.119	0.5	-23.503	0	0	-8	
23.119	0.5	-23.503	0	0	-8	
23.119	0.5	-23.503	0	0	-12	
23.119	0.5	-23.503	0	0	-12	
23.119	0.5	-23.503	0	0	-12	
23.119	0.5	-23.503	0	0	-12	
23.119	0.5	-23.503	0	0	-12	
23.119	0.5	-23.503	0	0	-12	
23.119	0.5	-23.503	0	0	-12	
23.119	0.5	-23.503	0	0	-12	
23.119	0.5	-23.503	0	0	-12	
23.119	0.5	-23.503	0	0	-12	
23.119	0.5	-23.503	0	0	-16	
23.119	0.5	-23.503	0	0	-16	
23.119	0.5	-23.503	0	0	-16	
23.119	0.5	-23.503	0	0	-16	
23.119	0.5	-23.503	0	0	-16	
23.119	0.5	-23.503	0	0	-16	
23.119	0.5	-23.503	0	0	-16	
23.119	0.5	-23.503	0	0	-16	
23.119	0.5	-23.503	0	0	-16	
23.119	0.5	-23.503	0	0	-16	
23.119	0.5	-23.503	0	0	-20	
23.119	0.5	-23.503	0	0	-20	
23.119	0.5	-23.503	0	0	-20	
23.119	0.5	-23.503	0	0	-20	
23.119	0.5	-23.503	0	0	-20	
23.119	0.5	-23.503	0	0	-20	
23.119	0.5	-23.503	0	0	-20	
23.119	0.5	-23.503	0	0	-20	
23.119	0.5	-23.503	0	0	-20	
23.119	0.5	-23.503	0	0	-20	
23.119	0.5	-23.503	0	0	-24	
23.119	0.5	-23.503	0	0	-24	
23.119	0.5	-23.503	0	0	-24	
23.119	0.5	-23.503	0	0	-24	
23.119	0.5	-23.503	0	0	-24	
23.119	0.5	-23.503	0	0	-24	
23.119	0.5	-23.503	0	0	-24	
23.119	0.5	-23.503	0	0	-24	
23.119	0.5	-23.503	0	0	-24	
23.119	0.5	-23.503	0	0	-24	
23.119	0.5	-23.503	4	0	-24	
23.119	0.5	-23.503	4	0	-24	
23.119	0.5	-23.503	4	0	-24	
23.119	0.5	-23.503	4	0	-24	
23.119	0.5	-23.503	4	0	-24	
23.119	0.5	-23.503	4	0	-24	
23.119	0.5	-23.503	4	0	-24	
23.119	0.5	-23.503	4	0	-24	
23.119	0.5	-23.503	4	0	-24	
23.119	0.5	-23.503	4	0	-24	
23.119	0.5	-23.503	8	0	-24	
23.119	0.5	-23.503	8	0	-24	
23.119	0.5	-23.503	8	0	-24	
23.119	0.5	-23.503	8	0	-24	
23.119	0.5	-23.503	8	0	-24	
23.119	0.5	-23.503	8	0	-24	
23.119	0.5	-23.503	8	0	-24	
23.119	0.5	-23.503	8	0	-24	
23.119	0.5	-23.503	8	0	-24	
23.119	0.5	-23.503	8	0	-24	
23.119	0.5	-23.503	12	0	-24	
23.119	0.5	-23.503	12	0	-24	
23.119	0.5	-23.503	12	0	-24	
23.119	0.5	-23.503	12	0	-24	
23.119	0.5	-23.503	12	0	-24	
23.119	0.5	-23.503	12	0	-24	
23.119	0.5	-23.503	12	0	-24	
23.119	0.5	-23.503	12	0	-24	
23.119	0.5	-23.503	12	0	-24	
23.119	0.5	-23.503	12	0	-24	
23.119	0.5	-23.503	16	0	-24	
23.119	0.5	-23.503	16	0	-24	
23.119	0.5	-23.503	16	0	-24	
23.119	0.5	-23.503	16	0	-24	
23.119	0.5	-23.503	16	0	-24	
23.119	0.5	-23.503	16	0	-24	
23.119	0.5	-23.503	16	0	-24	
23.119	0.5	-23.503	16	0	-24	
23.119	0.5	-23.503	16	0	-24	
23.119	0.5	-23.503	16	0	-24	
11.021	0.5	-21.937	0	0	0	
11.021	0.5	-21.937	0	0	0	
11.021	0.5	-21.937	0	0	0	
11.021	0.5	-21.937	0	0	0	
11.021	0.5	-21.937	0	0	0	
11.021	0.5	-21.937	0	0	0	
11.021	0.5	-21.937	0	0	0	
11.021	0.5	-21.937	0	0	0	
11.021	0.5	-21.937	0	0	0	
11.021	0.5	-21.937	0	0	0	
11.021	0.5	-21.937	0	0	-4	
11.021	0.5	-21.937	0	0	-4	
11.021	0.5	-21.937	0	0	-4	
11.021	0.5	-21.937	0	0	-4	
11.021	0.5	-21.937	0	0	-4	
11.021	0.5	-21.937	0	0	-4	
11.021	0.5	-21.937	0	0	-4	
11.021	0.5	-21.937	0	0	-4	
11.021	0.5	-21.937	0	0	-4	
11.021	0.5	-21.937	0	0	-4	
11.021	0.5	-21.937	0	0	-8	
11.021	0.5	-21.937	0	0	-8	
11.021	0.5	-21.937	0	0	-8	
11.021	0.5	-21.937	0	0	-8	
11.021	0.5	-21.937	0	0	-8	
11.021	0.5	-21.937	0	0	-8	
11.021	0.5	-21.937	0	0	-8	
11.021	0.5	-21.937	0	0	-8	
11.021	0.5	-21.937	0	0	-8	
11.021	0.5	-21.937	0	0	-8	
11.021	0.5	-21.937	0	0	-12	
11.021	0.5	-21.937	0	0	-12	
11.021	0.5	-21.937	0	0	-12	
11.021	0.5	-21.937	0	0	-12	
11.021	0.5	-21.937	0	0	-12	
11.021	0.5	-21.937	0	0	-12	
11.021	0.5	-21.937	0	0	-12	
11.021	0.5	-21.937	0	0	-12	
11.021	0.5	-21.937	0	0	-12	
11.021	0.5	-21.937	0	0	-12	
11.021	0.5	-21.937	0	0	-16	
11.021	0.5	-21.937	0	0	-16	
11.021	0.5	-21.937	0	0	-16	
11.021	0.5	-21.937	0	0	-16	
11.021	0.5	-21.937	0	0	-16	
11.021	0.5	-21.937	0	0	-16	
11.021	0.5	-21.937	0	0	-16	
11.021	0.5	-21.937	0	0	-16	
11.021	0.5	-21.937	0	0	-16	
11.021	0.5	-21.937	0	0	-16	
11.021	0.5	-21.937	0	0	-20	
11.021	0.5	-21.937	0	0	-20	
11.021	0.5	-21.937	0	0	-20	
11.021	0.5	-21.937	0	0	-20	
11.021	0.5	-21.937	0	0	-20	
11.021	0.5	-21.937	0	0	-20	
11.021	0.5	-21.937	0	0	-20	
11.021	0.5	-21.937	0	0	-20	
11.021	0.5	-21.937	0	0	-20	
11.021	0.5	-21.937	0	0	-20	
11.021	0.5	-21.937	4	0	-20	
11.021	0.5	-21.937	4	0	-20	
11.021	0.5	-21.937	4	0	-20	
11.021	0.5	-21.937	4	0	-20	
11.021	0.5	-21.937	4	0	-20	
11.021	0.5	-21.937	4	0	-20	
11.021	0.5	-21.937	4	0	-20	
11.021	0.5	-21.937	4	0	-20	
11.021	0.5	-21.937	4	0	-20	
11.021	0.5	-21.937	4	0	-20	
17.586	0.5	-9.708	0	0	0	
17.586	0.5	-9.708	0	0	0	
17.586	0.5	-9.708	0	0	0	
17.586	0.5	-9.708	0	0	0	
17.586	0.5	-9.708	0	0	0	
17.586	0.5	-9.708	0	0	0	
17.586	0.5	-9.708	0	0	0	
17.586	0.5	-9.708	0	0	0	
17.586	0.5	-9.708	0	0	0	
17.586	0.5	-9.708	0	0	0	
17.586	0.5	-9.708	4	0	0	
17.586	0.5	-9.708	4	0	0	
17.586	0.5	-9.708	4	0	0	
17.586	0.5	-9.708	4	0	0	
17.586	0.5	-9.708	4	0	0	
17.586	0.5	-9.708	4	0	0	
17.586	0.5	-9.708	4	0	0	
17.586	0.5	-9.708	4	0	0	
17.586	0.5	-9.708	4	0	0	
17.586	0.5	-9.708	4	0	0	
17.586	0.5	-9.708	8	0	0	
17.586	0.5	-9.708	8	0	0	
17.586	0.5	-9.708	8	0	0	
17.586	0.5	-9.708	8	0	0	
17.586	0.5	-9.708	8	0	0	
17.586	0.5	-9.708	8	0	0	
17.586	0.5	-9.708	8	0	0	
17.586	0.5	-9.708	8	0	0	
17.586	0.5	-9.708	8	0	0	
17.586	0.5	-9.708	8	0	0	
17.586	0.5	-9.708	12	0	0	
17.586	0.5	-9.708	12	0	0	
17.586	0.5	-9.708	12	0	0	
17.586	0.5	-9.708	12	0	0	
17.586	0.5	-9.708	12	0	0	
17.586	0.5	-9.708	12	0	0	
17.586	0.5	-9.708	12	0	0	
17.586	0.5	-9.708	12	0	0	
17.586	0.5	-9.708	12	0	0	
17.586	0.5	-9.708	12	0	0	
17.586	0.5	-9.708	16	0	0	
17.586	0.5	-9.708	16	0	0	
17.586	0.5	-9.708	16	0	0	
17.586	0.5	-9.708	16	0	0	
17.586	0.5	-9.708	16	0	0	
17.586	0.5	-9.708	16	0	0	
17.586	0.5	-9.708	16	0	0	
17.586	0.5	-9.708	16	0	0	
17.586	0.5	-9.708	16	0	0	
17.586	0.5	-9.708	16	0	0	
17.586	0.5	-9.708	20	0	0	
17.586	0.5	-9.708	20	0	0	
17.586	0.5	-9.708	20	0	0	
17.586	0.5	-9.708	20	0	0	
17.586	0.5	-9.708	20	0	0	
17.586	0.5	-9.708	20	0	0	
17.586	0.5	-9.708	20	0	0	
17.586	0.5	-9.708	20	0	0	
17.586	0.5	-9.708	20	0	0	
17.586	0.5	-9.708	20	0	0	
17.586	0.5	-9.708	20	0	-4	
17.586	0.5	-9.708	20	0	-4	
17.586	0.5	-9.708	20	0	-4	
17.586	0.5	-9.708	20	0	-4	
17.586	0.5	-9.708	20	0	-4	
17.586	0.5	-9.708	20	0	-4	
17.586	0.5	-9.708	20	0	-4	
17.586	0.5	-9.708	20	0	-4	
17.586	0.5	-9.708	20	0	-4	
17.586	0.5	-9.708	20	0	-4	
