-15.565	0.5	-0.547	0	2.5	0	
-15.565	0.5	-0.547	0	2.5	0	
-15.565	0.5	-0.547	0	2.5	0	
-15.565	0.5	-0.547	0	2.5	0	
-15.565	0.5	-0.547	0	2.5	0	
-15.565	0.5	-0.547	0	2.5	0	
-15.565	0.5	-0.547	0	2.5	0	
-15.565	0.5	-0.547	0	2.5	0	
-15.565	0.5	-0.547	0	2.5	0	
-15.565	0.5	-0.547	0	2.5	0	
-15.565	0.5	-0.547	-4	2.5	0	
-15.565	0.5	-0.547	-4	2.5	0	
-15.565	0.5	-0.547	-4	2.5	0	
-15.565	0.5	-0.547	-4	2.5	0	
-15.565	0.5	-0.547	-4	2.5	0	
-15.565	0.5	-0.547	-4	2.5	0	
-15.565	0.5	-0.547	-4	2.5	0	
-15.565	0.5	-0.547	-4	2.5	0	
-15.565	0.5	-0.547	-4	2.5	0	
-15.565	0.5	-0.547	-4	2.5	0	
-15.565	0.5	-0.547	-8	2.5	0	
-15.565	0.5	-0.547	-8	2.5	0	
-15.565	0.5	-0.547	-8	2.5	0	
-15.565	0.5	-0.547	-8	2.5	0	
-15.565	0.5	-0.547	-8	2.5	0	
-15.565	0.5	-0.547	-8	2.5	0	
-15.565	0.5	-0.547	-8	2.5	0	
-15.565	0.5	-0.547	-8	2.5	0	
-15.565	0.5	-0.547	-8	2.5	0	
-15.565	0.5	-0.547	-8	2.5	0	
2.509	0.5	16.319	0	2.5	0	
2.509	0.5	16.319	0	2.5	0	
2.509	0.5	16.319	0	2.5	0	
2.509	0.5	16.319	0	2.5	0	
2.509	0.5	16.319	0	2.5	0	
2.509	0.5	16.319	0	2.5	0	
2.509	0.5	16.319	0	2.5	0	
2.509	0.5	16.319	0	2.5	0	
2.509	0.5	16.319	0	2.5	0	
2.509	0.5	16.319	0	2.5	0	
2.509	0.5	16.319	0	2.5	4	
2.509	0.5	16.319	0	2.5	4	
2.509	0.5	16.319	0	2.5	4	
2.509	0.5	16.319	0	2.5	4	
2.509	0.5	16.319	0	2.5	4	
2.509	0.5	16.319	0	2.5	4	
2.509	0.5	16.319	0	2.5	4	
2.509	0.5	16.319	0	2.5	4	
2.509	0.5	16.319	0	2.5	4	
2.509	0.5	16.319	0	2.5	4	
2.509	0.5	16.319	0	2.5	8	
2.509	0.5	16.319	0	2.5	8	
2.509	0.5	16.319	0	2.5	8	
2.509	0.5	16.319	0	2.5	8	
2.509	0.5	16.319	0	2.5	8	
2.509	0.5	16.319	0	2.5	8	
2.509	0.5	16.319	0	2.5	8	
2.509	0.5	16.319	0	2.5	8	
2.509	0.5	16.319	0	2.5	8	
2.509	0.5	16.319	0	2.5	8	
-7.98	0.5	6.88	0	2.5	0	
-7.98	0.5	6.88	0	2.5	0	
-7.98	0.5	6.88	0	2.5	0	
-7.98	0.5	6.88	0	2.5	0	
-7.98	0.5	6.88	0	2.5	0	
-7.98	0.5	6.88	0	2.5	0	
-7.98	0.5	6.88	0	2.5	0	
-7.98	0.5	6.88	0	2.5	0	
-7.98	0.5	6.88	0	2.5	0	
-7.98	0.5	6.88	0	2.5	0	
-7.98	0.5	6.88	-4	2.5	0	
-7.98	0.5	6.88	-4	2.5	0	
-7.98	0.5	6.88	-4	2.5	0	
-7.98	0.5	6.88	-4	2.5	0	
-7.98	0.5	6.88	-4	2.5	0	
-7.98	0.5	6.88	-4	2.5	0	
-7.98	0.5	6.88	-4	2.5	0	
-7.98	0.5	6.88	-4	2.5	0	
-7.98	0.5	6.88	-4	2.5	0	
-7.98	0.5	6.88	-4	2.5	0	
-7.98	0.5	6.88	-8	2.5	0	
-7.98	0.5	6.88	-8	2.5	0	
-7.98	0.5	6.88	-8	2.5	0	
-7.98	0.5	6.88	-8	2.5	0	
-7.98	0.5	6.88	-8	2.5	0	
-7.98	0.5	6.88	-8	2.5	0	
-7.98	0.5	6.88	-8	2.5	0	
-7.98	0.5	6.88	-8	2.5	0	
-7.98	0.5	6.88	-8	2.5	0	
-7.98	0.5	6.88	-8	2.5	0	
1.05	0.5	8.508	0	2.5	0	
1.05	0.5	8.508	0	2.5	0	
1.05	0.5	8.508	0	2.5	0	
1.05	0.5	8.508	0	2.5	0	
1.05	0.5	8.508	0	2.5	0	
1.05	0.5	8.508	0	2.5	0	
1.05	0.5	8.508	0	2.5	0	
1.05	0.5	8.508	0	2.5	0	
1.05	0.5	8.508	0	2.5	0	
1.05	0.5	8.508	0	2.5	0	
-16.39	0.5	-1.048	0	0	0	
-16.39	0.5	-1.048	0	0	0	
-16.39	0.5	-1.048	0	0	0	
-16.39	0.5	-1.048	0	0	0	
-16.39	0.5	-1.048	0	0	0	
-16.39	0.5	-1.048	0	0	0	
-16.39	0.5	-1.048	0	0	0	
-16.39	0.5	-1.048	0	0	0	
-16.39	0.5	-1.048	0	0	0	
-16.39	0.5	-1.048	0	0	0	
-16.39	0.5	-1.048	0	2.5	4	
-16.39	0.5	-1.048	0	2.5	4	
-16.39	0.5	-1.048	0	2.5	4	
-16.39	0.5	-1.048	0	2.5	4	
-16.39	0.5	-1.048	0	2.5	4	
-16.39	0.5	-1.048	0	2.5	4	
-16.39	0.5	-1.048	0	2.5	4	
-16.39	0.5	-1.048	0	2.5	4	
-16.39	0.5	-1.048	0	2.5	4	
-16.39	0.5	-1.048	0	2.5	4	
-16.39	0.5	-1.048	0	2.5	0	
-16.39	0.5	-1.048	0	2.5	0	
-16.39	0.5	-1.048	0	2.5	0	
-16.39	0.5	-1.048	0	2.5	0	
-16.39	0.5	-1.048	0	2.5	0	
-16.39	0.5	-1.048	0	2.5	0	
-16.39	0.5	-1.048	0	2.5	0	
-16.39	0.5	-1.048	0	2.5	0	
-16.39	0.5	-1.048	0	2.5	0	
-16.39	0.5	-1.048	0	2.5	0	
-16.39	0.5	-1.048	-4	2.5	0	
-16.39	0.5	-1.048	-4	2.5	0	
-16.39	0.5	-1.048	-4	2.5	0	
-16.39	0.5	-1.048	-4	2.5	0	
-16.39	0.5	-1.048	-4	2.5	0	
-16.39	0.5	-1.048	-4	2.5	0	
-16.39	0.5	-1.048	-4	2.5	0	
-16.39	0.5	-1.048	-4	2.5	0	
-16.39	0.5	-1.048	-4	2.5	0	
-16.39	0.5	-1.048	-4	2.5	0	
-16.39	0.5	-1.048	-8	2.5	0	
-16.39	0.5	-1.048	-8	2.5	0	
-16.39	0.5	-1.048	-8	2.5	0	
-16.39	0.5	-1.048	-8	2.5	0	
-16.39	0.5	-1.048	-8	2.5	0	
-16.39	0.5	-1.048	-8	2.5	0	
-16.39	0.5	-1.048	-8	2.5	0	
-16.39	0.5	-1.048	-8	2.5	0	
-16.39	0.5	-1.048	-8	2.5	0	
-16.39	0.5	-1.048	-8	2.5	0	
-4.01	0.5	20.365	0	2.5	0	
-4.01	0.5	20.365	0	2.5	0	
-4.01	0.5	20.365	0	2.5	0	
-4.01	0.5	20.365	0	2.5	0	
-4.01	0.5	20.365	0	2.5	0	
-4.01	0.5	20.365	0	2.5	0	
-4.01	0.5	20.365	0	2.5	0	
-4.01	0.5	20.365	0	2.5	0	
-4.01	0.5	20.365	0	2.5	0	
-4.01	0.5	20.365	0	2.5	0	
-4.01	0.5	20.365	0	2.5	4	
-4.01	0.5	20.365	0	2.5	4	
-4.01	0.5	20.365	0	2.5	4	
-4.01	0.5	20.365	0	2.5	4	
-4.01	0.5	20.365	0	2.5	4	
-4.01	0.5	20.365	0	2.5	4	
-4.01	0.5	20.365	0	2.5	4	
-4.01	0.5	20.365	0	2.5	4	
-4.01	0.5	20.365	0	2.5	4	
-4.01	0.5	20.365	0	2.5	4	
-4.01	0.5	20.365	0	2.5	8	
-4.01	0.5	20.365	0	2.5	8	
-4.01	0.5	20.365	0	2.5	8	
-4.01	0.5	20.365	0	2.5	8	
-4.01	0.5	20.365	0	2.5	8	
-4.01	0.5	20.365	0	2.5	8	
-4.01	0.5	20.365	0	2.5	8	
-4.01	0.5	20.365	0	2.5	8	
-4.01	0.5	20.365	0	2.5	8	
-4.01	0.5	20.365	0	2.5	8	
-4.01	0.5	20.365	0	2.5	12	
-4.01	0.5	20.365	0	2.5	12	
-4.01	0.5	20.365	0	2.5	12	
-4.01	0.5	20.365	0	2.5	12	
-4.01	0.5	20.365	0	2.5	12	
-4.01	0.5	20.365	0	2.5	12	
-4.01	0.5	20.365	0	2.5	12	
-4.01	0.5	20.365	0	2.5	12	
-4.01	0.5	20.365	0	2.5	12	
-4.01	0.5	20.365	0	2.5	12	
-4.01	0.5	20.365	0	2.5	16	
-4.01	0.5	20.365	0	2.5	16	
-4.01	0.5	20.365	0	2.5	16	
-4.01	0.5	20.365	0	2.5	16	
-4.01	0.5	20.365	0	2.5	16	
-4.01	0.5	20.365	0	2.5	16	
-4.01	0.5	20.365	0	2.5	16	
-4.01	0.5	20.365	0	2.5	16	
-4.01	0.5	20.365	0	2.5	16	
-4.01	0.5	20.365	0	2.5	16	
-20.91	0.5	1.696	0	2.5	0	
-20.91	0.5	1.696	0	2.5	0	
-20.91	0.5	1.696	0	2.5	0	
-20.91	0.5	1.696	0	2.5	0	
-20.91	0.5	1.696	0	2.5	0	
-20.91	0.5	1.696	0	2.5	0	
-20.91	0.5	1.696	0	2.5	0	
-20.91	0.5	1.696	0	2.5	0	
-20.91	0.5	1.696	0	2.5	0	
-20.91	0.5	1.696	0	2.5	0	
-20.91	0.5	1.696	-4	2.5	0	
-20.91	0.5	1.696	-4	2.5	0	
-20.91	0.5	1.696	-4	2.5	0	
-20.91	0.5	1.696	-4	2.5	0	
-20.91	0.5	1.696	-4	2.5	0	
-20.91	0.5	1.696	-4	2.5	0	
-20.91	0.5	1.696	-4	2.5	0	
-20.91	0.5	1.696	-4	2.5	0	
-20.91	0.5	1.696	-4	2.5	0	
-20.91	0.5	1.696	-4	2.5	0	
-20.91	0.5	1.696	-8	2.5	0	
-20.91	0.5	1.696	-8	2.5	0	
-20.91	0.5	1.696	-8	2.5	0	
-20.91	0.5	1.696	-8	2.5	0	
-20.91	0.5	1.696	-8	2.5	0	
-20.91	0.5	1.696	-8	2.5	0	
-20.91	0.5	1.696	-8	2.5	0	
-20.91	0.5	1.696	-8	2.5	0	
-20.91	0.5	1.696	-8	2.5	0	
-20.91	0.5	1.696	-8	2.5	0	
-20.91	0.5	1.696	-12	2.5	0	
-20.91	0.5	1.696	-12	2.5	0	
-20.91	0.5	1.696	-12	2.5	0	
-20.91	0.5	1.696	-12	2.5	0	
-20.91	0.5	1.696	-12	2.5	0	
-20.91	0.5	1.696	-12	2.5	0	
-20.91	0.5	1.696	-12	2.5	0	
-20.91	0.5	1.696	-12	2.5	0	
-20.91	0.5	1.696	-12	2.5	0	
-20.91	0.5	1.696	-12	2.5	0	
1.666	0.5	17.171	0	2.5	0	
1.666	0.5	17.171	0	2.5	0	
1.666	0.5	17.171	0	2.5	0	
1.666	0.5	17.171	0	2.5	0	
1.666	0.5	17.171	0	2.5	0	
1.666	0.5	17.171	0	2.5	0	
1.666	0.5	17.171	0	2.5	0	
1.666	0.5	17.171	0	2.5	0	
1.666	0.5	17.171	0	2.5	0	
1.666	0.5	17.171	0	2.5	0	
1.666	0.5	17.171	0	2.5	4	
1.666	0.5	17.171	0	2.5	4	
1.666	0.5	17.171	0	2.5	4	
1.666	0.5	17.171	0	2.5	4	
1.666	0.5	17.171	0	2.5	4	
1.666	0.5	17.171	0	2.5	4	
1.666	0.5	17.171	0	2.5	4	
1.666	0.5	17.171	0	2.5	4	
1.666	0.5	17.171	0	2.5	4	
1.666	0.5	17.171	0	2.5	4	
1.666	0.5	17.171	0	2.5	8	
1.666	0.5	17.171	0	2.5	8	
1.666	0.5	17.171	0	2.5	8	
1.666	0.5	17.171	0	2.5	8	
1.666	0.5	17.171	0	2.5	8	
1.666	0.5	17.171	0	2.5	8	
1.666	0.5	17.171	0	2.5	8	
1.666	0.5	17.171	0	2.5	8	
1.666	0.5	17.171	0	2.5	8	
1.666	0.5	17.171	0	2.5	8	
1.666	0.5	17.171	0	2.5	12	
1.666	0.5	17.171	0	2.5	12	
1.666	0.5	17.171	0	2.5	12	
1.666	0.5	17.171	0	2.5	12	
1.666	0.5	17.171	0	2.5	12	
1.666	0.5	17.171	0	2.5	12	
1.666	0.5	17.171	0	2.5	12	
1.666	0.5	17.171	0	2.5	12	
1.666	0.5	17.171	0	2.5	12	
1.666	0.5	17.171	0	2.5	12	
5.416	0.5	-19.307	0	2.5	0	
5.416	0.5	-19.307	0	2.5	0	
5.416	0.5	-19.307	0	2.5	0	
5.416	0.5	-19.307	0	2.5	0	
5.416	0.5	-19.307	0	2.5	0	
5.416	0.5	-19.307	0	2.5	0	
5.416	0.5	-19.307	0	2.5	0	
5.416	0.5	-19.307	0	2.5	0	
5.416	0.5	-19.307	0	2.5	0	
5.416	0.5	-19.307	0	2.5	0	
5.416	0.5	-19.307	0	2.5	-4	
5.416	0.5	-19.307	0	2.5	-4	
5.416	0.5	-19.307	0	2.5	-4	
5.416	0.5	-19.307	0	2.5	-4	
5.416	0.5	-19.307	0	2.5	-4	
5.416	0.5	-19.307	0	2.5	-4	
5.416	0.5	-19.307	0	2.5	-4	
5.416	0.5	-19.307	0	2.5	-4	
5.416	0.5	-19.307	0	2.5	-4	
5.416	0.5	-19.307	0	2.5	-4	
5.416	0.5	-19.307	0	2.5	-8	
5.416	0.5	-19.307	0	2.5	-8	
5.416	0.5	-19.307	0	2.5	-8	
5.416	0.5	-19.307	0	2.5	-8	
5.416	0.5	-19.307	0	2.5	-8	
5.416	0.5	-19.307	0	2.5	-8	
5.416	0.5	-19.307	0	2.5	-8	
5.416	0.5	-19.307	0	2.5	-8	
5.416	0.5	-19.307	0	2.5	-8	
5.416	0.5	-19.307	0	2.5	-8	
5.416	0.5	-19.307	0	2.5	-12	
5.416	0.5	-19.307	0	2.5	-12	
5.416	0.5	-19.307	0	2.5	-12	
5.416	0.5	-19.307	0	2.5	-12	
5.416	0.5	-19.307	0	2.5	-12	
5.416	0.5	-19.307	0	2.5	-12	
5.416	0.5	-19.307	0	2.5	-12	
5.416	0.5	-19.307	0	2.5	-12	
5.416	0.5	-19.307	0	2.5	-12	
5.416	0.5	-19.307	0	2.5	-12	
5.416	0.5	-19.307	0	2.5	-16	
5.416	0.5	-19.307	0	2.5	-16	
5.416	0.5	-19.307	0	2.5	-16	
5.416	0.5	-19.307	0	2.5	-16	
5.416	0.5	-19.307	0	2.5	-16	
5.416	0.5	-19.307	0	2.5	-16	
5.416	0.5	-19.307	0	2.5	-16	
5.416	0.5	-19.307	0	2.5	-16	
5.416	0.5	-19.307	0	2.5	-16	
5.416	0.5	-19.307	0	2.5	-16	
5.416	0.5	-19.307	0	2.5	-20	
5.416	0.5	-19.307	0	2.5	-20	
5.416	0.5	-19.307	0	2.5	-20	
5.416	0.5	-19.307	0	2.5	-20	
5.416	0.5	-19.307	0	2.5	-20	
5.416	0.5	-19.307	0	2.5	-20	
5.416	0.5	-19.307	0	2.5	-20	
5.416	0.5	-19.307	0	2.5	-20	
5.416	0.5	-19.307	0	2.5	-20	
5.416	0.5	-19.307	0	2.5	-20	
-19.423	0.5	15.968	0	2.5	0	
-19.423	0.5	15.968	0	2.5	0	
-19.423	0.5	15.968	0	2.5	0	
-19.423	0.5	15.968	0	2.5	0	
-19.423	0.5	15.968	0	2.5	0	
-19.423	0.5	15.968	0	2.5	0	
-19.423	0.5	15.968	0	2.5	0	
-19.423	0.5	15.968	0	2.5	0	
-19.423	0.5	15.968	0	2.5	0	
-19.423	0.5	15.968	0	2.5	0	
-19.423	0.5	15.968	0	2.5	4	
-19.423	0.5	15.968	0	2.5	4	
-19.423	0.5	15.968	0	2.5	4	
-19.423	0.5	15.968	0	2.5	4	
-19.423	0.5	15.968	0	2.5	4	
-19.423	0.5	15.968	0	2.5	4	
-19.423	0.5	15.968	0	2.5	4	
-19.423	0.5	15.968	0	2.5	4	
-19.423	0.5	15.968	0	2.5	4	
-19.423	0.5	15.968	0	2.5	4	
-19.423	0.5	15.968	0	2.5	8	
-19.423	0.5	15.968	0	2.5	8	
-19.423	0.5	15.968	0	2.5	8	
-19.423	0.5	15.968	0	2.5	8	
-19.423	0.5	15.968	0	2.5	8	
-19.423	0.5	15.968	0	2.5	8	
-19.423	0.5	15.968	0	2.5	8	
-19.423	0.5	15.968	0	2.5	8	
-19.423	0.5	15.968	0	2.5	8	
-19.423	0.5	15.968	0	2.5	8	
-19.423	0.5	15.968	0	2.5	12	
-19.423	0.5	15.968	0	2.5	12	
-19.423	0.5	15.968	0	2.5	12	
-19.423	0.5	15.968	0	2.5	12	
-19.423	0.5	15.968	0	2.5	12	
-19.423	0.5	15.968	0	2.5	12	
-19.423	0.5	15.968	0	2.5	12	
-19.423	0.5	15.968	0	2.5	12	
-19.423	0.5	15.968	0	2.5	12	
-19.423	0.5	15.968	0	2.5	12	
-19.423	0.5	15.968	0	2.5	16	
-19.423	0.5	15.968	0	2.5	16	
-19.423	0.5	15.968	0	2.5	16	
-19.423	0.5	15.968	0	2.5	16	
-19.423	0.5	15.968	0	2.5	16	
-19.423	0.5	15.968	0	2.5	16	
-19.423	0.5	15.968	0	2.5	16	
-19.423	0.5	15.968	0	2.5	16	
-19.423	0.5	15.968	0	2.5	16	
-19.423	0.5	15.968	0	2.5	16	
-19.423	0.5	15.968	-4	2.5	16	
-19.423	0.5	15.968	-4	2.5	16	
-19.423	0.5	15.968	-4	2.5	16	
-19.423	0.5	15.968	-4	2.5	16	
-19.423	0.5	15.968	-4	2.5	16	
-19.423	0.5	15.968	-4	2.5	16	
-19.423	0.5	15.968	-4	2.5	16	
-19.423	0.5	15.968	-4	2.5	16	
-19.423	0.5	15.968	-4	2.5	16	
-19.423	0.5	15.968	-4	2.5	16	
-19.423	0.5	15.968	-8	2.5	16	
-19.423	0.5	15.968	-8	2.5	16	
-19.423	0.5	15.968	-8	2.5	16	
-19.423	0.5	15.968	-8	2.5	16	
-19.423	0.5	15.968	-8	2.5	16	
-19.423	0.5	15.968	-8	2.5	16	
-19.423	0.5	15.968	-8	2.5	16	
-19.423	0.5	15.968	-8	2.5	16	
-19.423	0.5	15.968	-8	2.5	16	
-19.423	0.5	15.968	-8	2.5	16	
-19.423	0.5	15.968	-12	2.5	16	
-19.423	0.5	15.968	-12	2.5	16	
-19.423	0.5	15.968	-12	2.5	16	
-19.423	0.5	15.968	-12	2.5	16	
-19.423	0.5	15.968	-12	2.5	16	
-19.423	0.5	15.968	-12	2.5	16	
-19.423	0.5	15.968	-12	2.5	16	
-19.423	0.5	15.968	-12	2.5	16	
-19.423	0.5	15.968	-12	2.5	16	
-19.423	0.5	15.968	-12	2.5	16	
-8.96	0.5	16.575	0	2.5	0	
-8.96	0.5	16.575	0	2.5	0	
-8.96	0.5	16.575	0	2.5	0	
-8.96	0.5	16.575	0	2.5	0	
-8.96	0.5	16.575	0	2.5	0	
-8.96	0.5	16.575	0	2.5	0	
-8.96	0.5	16.575	0	2.5	0	
-8.96	0.5	16.575	0	2.5	0	
-8.96	0.5	16.575	0	2.5	0	
-8.96	0.5	16.575	0	2.5	0	
-8.96	0.5	16.575	-4	2.5	0	
-8.96	0.5	16.575	-4	2.5	0	
-8.96	0.5	16.575	-4	2.5	0	
-8.96	0.5	16.575	-4	2.5	0	
-8.96	0.5	16.575	-4	2.5	0	
-8.96	0.5	16.575	-4	2.5	0	
-8.96	0.5	16.575	-4	2.5	0	
-8.96	0.5	16.575	-4	2.5	0	
-8.96	0.5	16.575	-4	2.5	0	
-8.96	0.5	16.575	-4	2.5	0	
-8.96	0.5	16.575	-8	2.5	0	
-8.96	0.5	16.575	-8	2.5	0	
-8.96	0.5	16.575	-8	2.5	0	
-8.96	0.5	16.575	-8	2.5	0	
-8.96	0.5	16.575	-8	2.5	0	
-8.96	0.5	16.575	-8	2.5	0	
-8.96	0.5	16.575	-8	2.5	0	
-8.96	0.5	16.575	-8	2.5	0	
-8.96	0.5	16.575	-8	2.5	0	
-8.96	0.5	16.575	-8	2.5	0	
-8.96	0.5	16.575	-8	2.5	4	
-8.96	0.5	16.575	-8	2.5	4	
-8.96	0.5	16.575	-8	2.5	4	
-8.96	0.5	16.575	-8	2.5	4	
-8.96	0.5	16.575	-8	2.5	4	
-8.96	0.5	16.575	-8	2.5	4	
-8.96	0.5	16.575	-8	2.5	4	
-8.96	0.5	16.575	-8	2.5	4	
-8.96	0.5	16.575	-8	2.5	4	
-8.96	0.5	16.575	-8	2.5	4	
-8.96	0.5	16.575	-8	2.5	8	
-8.96	0.5	16.575	-8	2.5	8	
-8.96	0.5	16.575	-8	2.5	8	
-8.96	0.5	16.575	-8	2.5	8	
-8.96	0.5	16.575	-8	2.5	8	
-8.96	0.5	16.575	-8	2.5	8	
-8.96	0.5	16.575	-8	2.5	8	
-8.96	0.5	16.575	-8	2.5	8	
-8.96	0.5	16.575	-8	2.5	8	
-8.96	0.5	16.575	-8	2.5	8	
-19.804	0.5	6.911	0	2.5	0	
-19.804	0.5	6.911	0	2.5	0	
-19.804	0.5	6.911	0	2.5	0	
-19.804	0.5	6.911	0	2.5	0	
-19.804	0.5	6.911	0	2.5	0	
-19.804	0.5	6.911	0	2.5	0	
-19.804	0.5	6.911	0	2.5	0	
-19.804	0.5	6.911	0	2.5	0	
-19.804	0.5	6.911	0	2.5	0	
-19.804	0.5	6.911	0	2.5	0	
-19.804	0.5	6.911	0	2.5	4	
-19.804	0.5	6.911	0	2.5	4	
-19.804	0.5	6.911	0	2.5	4	
-19.804	0.5	6.911	0	2.5	4	
-19.804	0.5	6.911	0	2.5	4	
-19.804	0.5	6.911	0	2.5	4	
-19.804	0.5	6.911	0	2.5	4	
-19.804	0.5	6.911	0	2.5	4	
-19.804	0.5	6.911	0	2.5	4	
-19.804	0.5	6.911	0	2.5	4	
-19.804	0.5	6.911	-4	2.5	4	
-19.804	0.5	6.911	-4	2.5	4	
-19.804	0.5	6.911	-4	2.5	4	
-19.804	0.5	6.911	-4	2.5	4	
-19.804	0.5	6.911	-4	2.5	4	
-19.804	0.5	6.911	-4	2.5	4	
-19.804	0.5	6.911	-4	2.5	4	
-19.804	0.5	6.911	-4	2.5	4	
-19.804	0.5	6.911	-4	2.5	4	
-19.804	0.5	6.911	-4	2.5	4	
-19.804	0.5	6.911	-8	2.5	4	
-19.804	0.5	6.911	-8	2.5	4	
-19.804	0.5	6.911	-8	2.5	4	
-19.804	0.5	6.911	-8	2.5	4	
-19.804	0.5	6.911	-8	2.5	4	
-19.804	0.5	6.911	-8	2.5	4	
-19.804	0.5	6.911	-8	2.5	4	
-19.804	0.5	6.911	-8	2.5	4	
-19.804	0.5	6.911	-8	2.5	4	
-19.804	0.5	6.911	-8	2.5	4	
-19.804	0.5	6.911	-12	2.5	4	
-19.804	0.5	6.911	-12	2.5	4	
-19.804	0.5	6.911	-12	2.5	4	
-19.804	0.5	6.911	-12	2.5	4	
-19.804	0.5	6.911	-12	2.5	4	
-19.804	0.5	6.911	-12	2.5	4	
-19.804	0.5	6.911	-12	2.5	4	
-19.804	0.5	6.911	-12	2.5	4	
-19.804	0.5	6.911	-12	2.5	4	
-19.804	0.5	6.911	-12	2.5	4	
22.897	0.5	3.262	0	2.5	0	
22.897	0.5	3.262	0	2.5	0	
22.897	0.5	3.262	0	2.5	0	
22.897	0.5	3.262	0	2.5	0	
22.897	0.5	3.262	0	2.5	0	
22.897	0.5	3.262	0	2.5	0	
22.897	0.5	3.262	0	2.5	0	
22.897	0.5	3.262	0	2.5	0	
22.897	0.5	3.262	0	2.5	0	
22.897	0.5	3.262	0	2.5	0	
22.897	0.5	3.262	4	2.5	0	
22.897	0.5	3.262	4	2.5	0	
22.897	0.5	3.262	4	2.5	0	
22.897	0.5	3.262	4	2.5	0	
22.897	0.5	3.262	4	2.5	0	
22.897	0.5	3.262	4	2.5	0	
22.897	0.5	3.262	4	2.5	0	
22.897	0.5	3.262	4	2.5	0	
22.897	0.5	3.262	4	2.5	0	
22.897	0.5	3.262	4	2.5	0	
22.897	0.5	3.262	8	2.5	0	
22.897	0.5	3.262	8	2.5	0	
22.897	0.5	3.262	8	2.5	0	
22.897	0.5	3.262	8	2.5	0	
22.897	0.5	3.262	8	2.5	0	
22.897	0.5	3.262	8	2.5	0	
22.897	0.5	3.262	8	2.5	0	
22.897	0.5	3.262	8	2.5	0	
22.897	0.5	3.262	8	2.5	0	
22.897	0.5	3.262	8	2.5	0	
22.897	0.5	3.262	12	2.5	0	
22.897	0.5	3.262	12	2.5	0	
22.897	0.5	3.262	12	2.5	0	
22.897	0.5	3.262	12	2.5	0	
22.897	0.5	3.262	12	2.5	0	
22.897	0.5	3.262	12	2.5	0	
22.897	0.5	3.262	12	2.5	0	
22.897	0.5	3.262	12	2.5	0	
22.897	0.5	3.262	12	2.5	0	
22.897	0.5	3.262	12	2.5	0	
22.897	0.5	3.262	16	2.5	0	
22.897	0.5	3.262	16	2.5	0	
22.897	0.5	3.262	16	2.5	0	
22.897	0.5	3.262	16	2.5	0	
22.897	0.5	3.262	16	2.5	0	
22.897	0.5	3.262	16	2.5	0	
22.897	0.5	3.262	16	2.5	0	
22.897	0.5	3.262	16	2.5	0	
22.897	0.5	3.262	16	2.5	0	
22.897	0.5	3.262	16	2.5	0	
1.601	0.5	-3.687	0	2.5	0	
1.601	0.5	-3.687	0	2.5	0	
1.601	0.5	-3.687	0	2.5	0	
1.601	0.5	-3.687	0	2.5	0	
1.601	0.5	-3.687	0	2.5	0	
1.601	0.5	-3.687	0	2.5	0	
1.601	0.5	-3.687	0	2.5	0	
1.601	0.5	-3.687	0	2.5	0	
1.601	0.5	-3.687	0	2.5	0	
1.601	0.5	-3.687	0	2.5	0	
1.601	0.5	-3.687	0	2.5	-4	
1.601	0.5	-3.687	0	2.5	-4	
1.601	0.5	-3.687	0	2.5	-4	
1.601	0.5	-3.687	0	2.5	-4	
1.601	0.5	-3.687	0	2.5	-4	
1.601	0.5	-3.687	0	2.5	-4	
1.601	0.5	-3.687	0	2.5	-4	
1.601	0.5	-3.687	0	2.5	-4	
1.601	0.5	-3.687	0	2.5	-4	
1.601	0.5	-3.687	0	2.5	-4	
1.601	0.5	-3.687	4	2.5	-4	
1.601	0.5	-3.687	4	2.5	-4	
1.601	0.5	-3.687	4	2.5	-4	
1.601	0.5	-3.687	4	2.5	-4	
1.601	0.5	-3.687	4	2.5	-4	
1.601	0.5	-3.687	4	2.5	-4	
1.601	0.5	-3.687	4	2.5	-4	
1.601	0.5	-3.687	4	2.5	-4	
1.601	0.5	-3.687	4	2.5	-4	
1.601	0.5	-3.687	4	2.5	-4	
1.601	0.5	-3.687	4	2.5	0	
1.601	0.5	-3.687	4	2.5	0	
1.601	0.5	-3.687	4	2.5	0	
1.601	0.5	-3.687	4	2.5	0	
1.601	0.5	-3.687	4	2.5	0	
1.601	0.5	-3.687	4	2.5	0	
1.601	0.5	-3.687	4	2.5	0	
1.601	0.5	-3.687	4	2.5	0	
1.601	0.5	-3.687	4	2.5	0	
1.601	0.5	-3.687	4	2.5	0	
1.601	0.5	-3.687	4	2.5	4	
1.601	0.5	-3.687	4	2.5	4	
1.601	0.5	-3.687	4	2.5	4	
1.601	0.5	-3.687	4	2.5	4	
1.601	0.5	-3.687	4	2.5	4	
1.601	0.5	-3.687	4	2.5	4	
1.601	0.5	-3.687	4	2.5	4	
1.601	0.5	-3.687	4	2.5	4	
1.601	0.5	-3.687	4	2.5	4	
1.601	0.5	-3.687	4	2.5	4	
-9.963	0.5	17.639	0	0	0	
-9.963	0.5	17.639	0	0	0	
-9.963	0.5	17.639	0	0	0	
-9.963	0.5	17.639	0	0	0	
-9.963	0.5	17.639	0	0	0	
-9.963	0.5	17.639	0	0	0	
-9.963	0.5	17.639	0	0	0	
-9.963	0.5	17.639	0	0	0	
-9.963	0.5	17.639	0	0	0	
-9.963	0.5	17.639	0	0	0	
-9.963	0.5	17.639	0	-1.825	-4	
-9.963	0.5	17.639	0	-1.825	-4	
-9.963	0.5	17.639	0	-1.825	-4	
-9.963	0.5	17.639	0	-1.825	-4	
-9.963	0.5	17.639	0	-1.825	-4	
-9.963	0.5	17.639	0	-1.825	-4	
-9.963	0.5	17.639	0	-1.825	-4	
-9.963	0.5	17.639	0	-1.825	-4	
-9.963	0.5	17.639	0	-1.825	-4	
-9.963	0.5	17.639	0	-1.825	-4	
-9.963	0.5	17.639	0	-3.218	0	
-9.963	0.5	17.639	0	-3.218	0	
-9.963	0.5	17.639	0	-3.218	0	
-9.963	0.5	17.639	0	-3.218	0	
-9.963	0.5	17.639	0	-3.218	0	
-9.963	0.5	17.639	0	-3.218	0	
-9.963	0.5	17.639	0	-3.218	0	
-9.963	0.5	17.639	0	-3.218	0	
-9.963	0.5	17.639	0	-3.218	0	
-9.963	0.5	17.639	0	-3.218	0	
-9.963	0.5	17.639	0	-5.003	4	
-9.963	0.5	17.639	0	-5.003	4	
-9.963	0.5	17.639	0	-5.003	4	
-9.963	0.5	17.639	0	-5.003	4	
-9.963	0.5	17.639	0	-5.003	4	
-9.963	0.5	17.639	0	-5.003	4	
-9.963	0.5	17.639	0	-5.003	4	
-9.963	0.5	17.639	0	-5.003	4	
-9.963	0.5	17.639	0	-5.003	4	
-9.963	0.5	17.639	0	-5.003	4	
-9.963	0.5	17.639	0	-7.181	8	
-9.963	0.5	17.639	0	-7.181	8	
-9.963	0.5	17.639	0	-7.181	8	
-9.963	0.5	17.639	0	-7.181	8	
-9.963	0.5	17.639	0	-7.181	8	
-9.963	0.5	17.639	0	-7.181	8	
-9.963	0.5	17.639	0	-7.181	8	
-9.963	0.5	17.639	0	-7.181	8	
-9.963	0.5	17.639	0	-7.181	8	
-9.963	0.5	17.639	0	-7.181	8	
-9.963	0.5	17.639	0	-9.751	12	
-9.963	0.5	17.639	0	-9.751	12	
-9.963	0.5	17.639	0	-9.751	12	
-9.963	0.5	17.639	0	-9.751	12	
-9.963	0.5	17.639	0	-9.751	12	
-9.963	0.5	17.639	0	-9.751	12	
-9.963	0.5	17.639	0	-9.751	12	
-9.963	0.5	17.639	0	-9.751	12	
-9.963	0.5	17.639	0	-9.751	12	
-9.963	0.5	17.639	0	-9.751	12	
-9.963	0.5	17.639	0	-28.488	16	
-9.963	0.5	17.639	0	-28.488	16	
-9.963	0.5	17.639	0	-28.488	16	
-9.963	0.5	17.639	0	-28.488	16	
-9.963	0.5	17.639	0	-28.488	16	
-9.963	0.5	17.639	0	-28.488	16	
-9.963	0.5	17.639	0	-28.488	16	
-9.963	0.5	17.639	0	-28.488	16	
-9.963	0.5	17.639	0	-28.488	16	
-9.963	0.5	17.639	0	-28.488	16	
-9.963	0.5	17.639	0	-33.413	20	
-9.963	0.5	17.639	0	-33.413	20	
-9.963	0.5	17.639	0	-33.413	20	
-9.963	0.5	17.639	0	-33.413	20	
-9.963	0.5	17.639	0	-33.413	20	
-9.963	0.5	17.639	0	-33.413	20	
-9.963	0.5	17.639	0	-33.413	20	
-9.963	0.5	17.639	0	-33.413	20	
-9.963	0.5	17.639	0	-33.413	20	
-9.963	0.5	17.639	0	-33.413	20	
-9.963	0.5	17.639	0	-38.73	24	
-9.963	0.5	17.639	0	-38.73	24	
-9.963	0.5	17.639	0	-38.73	24	
-9.963	0.5	17.639	0	-38.73	24	
-9.963	0.5	17.639	0	-38.73	24	
-9.963	0.5	17.639	0	-38.73	24	
-9.963	0.5	17.639	0	-38.73	24	
-9.963	0.5	17.639	0	-38.73	24	
-9.963	0.5	17.639	0	-38.73	24	
-9.963	0.5	17.639	0	-38.73	24	
-9.963	0.5	17.639	0	2.5	2.8	
-9.963	0.5	17.639	0	2.5	2.8	
-9.963	0.5	17.639	0	2.5	2.8	
-9.963	0.5	17.639	0	2.5	2.8	
-9.963	0.5	17.639	0	2.5	2.8	
-9.963	0.5	17.639	0	2.5	2.8	
-9.963	0.5	17.639	0	2.5	2.8	
-9.963	0.5	17.639	0	2.5	2.8	
-9.963	0.5	17.639	0	2.5	2.8	
-9.963	0.5	17.639	0	2.5	2.8	
-9.963	0.5	17.639	0	2.5	6.8	
-9.963	0.5	17.639	0	2.5	6.8	
-9.963	0.5	17.639	0	2.5	6.8	
-9.963	0.5	17.639	0	2.5	6.8	
-9.963	0.5	17.639	0	2.5	6.8	
-9.963	0.5	17.639	0	2.5	6.8	
-9.963	0.5	17.639	0	2.5	6.8	
-9.963	0.5	17.639	0	2.5	6.8	
-9.963	0.5	17.639	0	2.5	6.8	
-9.963	0.5	17.639	0	2.5	6.8	
-9.963	0.5	17.639	0	2.5	10.8	
-9.963	0.5	17.639	0	2.5	10.8	
-9.963	0.5	17.639	0	2.5	10.8	
-9.963	0.5	17.639	0	2.5	10.8	
-9.963	0.5	17.639	0	2.5	10.8	
-9.963	0.5	17.639	0	2.5	10.8	
-9.963	0.5	17.639	0	2.5	10.8	
-9.963	0.5	17.639	0	2.5	10.8	
-9.963	0.5	17.639	0	2.5	10.8	
-9.963	0.5	17.639	0	2.5	10.8	
-9.963	0.5	17.639	0	2.5	14.8	
-9.963	0.5	17.639	0	2.5	14.8	
-9.963	0.5	17.639	0	2.5	14.8	
-9.963	0.5	17.639	0	2.5	14.8	
-9.963	0.5	17.639	0	2.5	14.8	
-9.963	0.5	17.639	0	2.5	14.8	
-9.963	0.5	17.639	0	2.5	14.8	
-9.963	0.5	17.639	0	2.5	14.8	
-9.963	0.5	17.639	0	2.5	14.8	
-9.963	0.5	17.639	0	2.5	14.8	
-9.963	0.5	17.639	0	2.5	18.8	
-9.963	0.5	17.639	0	2.5	18.8	
-9.963	0.5	17.639	0	2.5	18.8	
-9.963	0.5	17.639	0	2.5	18.8	
-9.963	0.5	17.639	0	2.5	18.8	
-9.963	0.5	17.639	0	2.5	18.8	
-9.963	0.5	17.639	0	2.5	18.8	
-9.963	0.5	17.639	0	2.5	18.8	
-9.963	0.5	17.639	0	2.5	18.8	
-9.963	0.5	17.639	0	2.5	18.8	
-9.963	0.5	17.639	-4	2.5	18.8	
-9.963	0.5	17.639	-4	2.5	18.8	
-9.963	0.5	17.639	-4	2.5	18.8	
-9.963	0.5	17.639	-4	2.5	18.8	
-9.963	0.5	17.639	-4	2.5	18.8	
-9.963	0.5	17.639	-4	2.5	18.8	
-9.963	0.5	17.639	-4	2.5	18.8	
-9.963	0.5	17.639	-4	2.5	18.8	
-9.963	0.5	17.639	-4	2.5	18.8	
-9.963	0.5	17.639	-4	2.5	18.8	
-18.52	0.5	7.224	0	2.5	0	
-18.52	0.5	7.224	0	2.5	0	
-18.52	0.5	7.224	0	2.5	0	
-18.52	0.5	7.224	0	2.5	0	
-18.52	0.5	7.224	0	2.5	0	
-18.52	0.5	7.224	0	2.5	0	
-18.52	0.5	7.224	0	2.5	0	
-18.52	0.5	7.224	0	2.5	0	
-18.52	0.5	7.224	0	2.5	0	
-18.52	0.5	7.224	0	2.5	0	
-18.52	0.5	7.224	0	2.5	4	
-18.52	0.5	7.224	0	2.5	4	
-18.52	0.5	7.224	0	2.5	4	
-18.52	0.5	7.224	0	2.5	4	
-18.52	0.5	7.224	0	2.5	4	
-18.52	0.5	7.224	0	2.5	4	
-18.52	0.5	7.224	0	2.5	4	
-18.52	0.5	7.224	0	2.5	4	
-18.52	0.5	7.224	0	2.5	4	
-18.52	0.5	7.224	0	2.5	4	
-18.52	0.5	7.224	0	2.5	8	
-18.52	0.5	7.224	0	2.5	8	
-18.52	0.5	7.224	0	2.5	8	
-18.52	0.5	7.224	0	2.5	8	
-18.52	0.5	7.224	0	2.5	8	
-18.52	0.5	7.224	0	2.5	8	
-18.52	0.5	7.224	0	2.5	8	
-18.52	0.5	7.224	0	2.5	8	
-18.52	0.5	7.224	0	2.5	8	
-18.52	0.5	7.224	0	2.5	8	
-18.52	0.5	7.224	-4	2.5	8	
-18.52	0.5	7.224	-4	2.5	8	
-18.52	0.5	7.224	-4	2.5	8	
-18.52	0.5	7.224	-4	2.5	8	
-18.52	0.5	7.224	-4	2.5	8	
-18.52	0.5	7.224	-4	2.5	8	
-18.52	0.5	7.224	-4	2.5	8	
-18.52	0.5	7.224	-4	2.5	8	
-18.52	0.5	7.224	-4	2.5	8	
-18.52	0.5	7.224	-4	2.5	8	
-18.52	0.5	7.224	-8	2.5	8	
-18.52	0.5	7.224	-8	2.5	8	
-18.52	0.5	7.224	-8	2.5	8	
-18.52	0.5	7.224	-8	2.5	8	
-18.52	0.5	7.224	-8	2.5	8	
-18.52	0.5	7.224	-8	2.5	8	
-18.52	0.5	7.224	-8	2.5	8	
-18.52	0.5	7.224	-8	2.5	8	
-18.52	0.5	7.224	-8	2.5	8	
-18.52	0.5	7.224	-8	2.5	8	
-18.52	0.5	7.224	-12	2.5	8	
-18.52	0.5	7.224	-12	2.5	8	
-18.52	0.5	7.224	-12	2.5	8	
-18.52	0.5	7.224	-12	2.5	8	
-18.52	0.5	7.224	-12	2.5	8	
-18.52	0.5	7.224	-12	2.5	8	
-18.52	0.5	7.224	-12	2.5	8	
-18.52	0.5	7.224	-12	2.5	8	
-18.52	0.5	7.224	-12	2.5	8	
-18.52	0.5	7.224	-12	2.5	8	
0.969	0.5	15.094	0	0	0	
0.969	0.5	15.094	0	0	0	
0.969	0.5	15.094	0	0	0	
0.969	0.5	15.094	0	0	0	
0.969	0.5	15.094	0	0	0	
0.969	0.5	15.094	0	0	0	
0.969	0.5	15.094	0	0	0	
0.969	0.5	15.094	0	0	0	
0.969	0.5	15.094	0	0	0	
0.969	0.5	15.094	0	0	0	
0.969	0.5	15.094	-4	2.5	0	
0.969	0.5	15.094	-4	2.5	0	
0.969	0.5	15.094	-4	2.5	0	
0.969	0.5	15.094	-4	2.5	0	
0.969	0.5	15.094	-4	2.5	0	
0.969	0.5	15.094	-4	2.5	0	
0.969	0.5	15.094	-4	2.5	0	
0.969	0.5	15.094	-4	2.5	0	
0.969	0.5	15.094	-4	2.5	0	
0.969	0.5	15.094	-4	2.5	0	
0.969	0.5	15.094	-4	2.5	4	
0.969	0.5	15.094	-4	2.5	4	
0.969	0.5	15.094	-4	2.5	4	
0.969	0.5	15.094	-4	2.5	4	
0.969	0.5	15.094	-4	2.5	4	
0.969	0.5	15.094	-4	2.5	4	
0.969	0.5	15.094	-4	2.5	4	
0.969	0.5	15.094	-4	2.5	4	
0.969	0.5	15.094	-4	2.5	4	
0.969	0.5	15.094	-4	2.5	4	
0.969	0.5	15.094	-4	2.5	8	
0.969	0.5	15.094	-4	2.5	8	
0.969	0.5	15.094	-4	2.5	8	
0.969	0.5	15.094	-4	2.5	8	
0.969	0.5	15.094	-4	2.5	8	
0.969	0.5	15.094	-4	2.5	8	
0.969	0.5	15.094	-4	2.5	8	
0.969	0.5	15.094	-4	2.5	8	
0.969	0.5	15.094	-4	2.5	8	
0.969	0.5	15.094	-4	2.5	8	
0.969	0.5	15.094	-4	2.5	12	
0.969	0.5	15.094	-4	2.5	12	
0.969	0.5	15.094	-4	2.5	12	
0.969	0.5	15.094	-4	2.5	12	
0.969	0.5	15.094	-4	2.5	12	
0.969	0.5	15.094	-4	2.5	12	
0.969	0.5	15.094	-4	2.5	12	
0.969	0.5	15.094	-4	2.5	12	
0.969	0.5	15.094	-4	2.5	12	
0.969	0.5	15.094	-4	2.5	12	
18.167	0.5	-3.684	0	2.5	0	
18.167	0.5	-3.684	0	2.5	0	
18.167	0.5	-3.684	0	2.5	0	
18.167	0.5	-3.684	0	2.5	0	
18.167	0.5	-3.684	0	2.5	0	
18.167	0.5	-3.684	0	2.5	0	
18.167	0.5	-3.684	0	2.5	0	
18.167	0.5	-3.684	0	2.5	0	
18.167	0.5	-3.684	0	2.5	0	
18.167	0.5	-3.684	0	2.5	0	
18.167	0.5	-3.684	4	2.5	0	
18.167	0.5	-3.684	4	2.5	0	
18.167	0.5	-3.684	4	2.5	0	
18.167	0.5	-3.684	4	2.5	0	
18.167	0.5	-3.684	4	2.5	0	
18.167	0.5	-3.684	4	2.5	0	
18.167	0.5	-3.684	4	2.5	0	
18.167	0.5	-3.684	4	2.5	0	
18.167	0.5	-3.684	4	2.5	0	
18.167	0.5	-3.684	4	2.5	0	
18.167	0.5	-3.684	8	2.5	0	
18.167	0.5	-3.684	8	2.5	0	
18.167	0.5	-3.684	8	2.5	0	
18.167	0.5	-3.684	8	2.5	0	
18.167	0.5	-3.684	8	2.5	0	
18.167	0.5	-3.684	8	2.5	0	
18.167	0.5	-3.684	8	2.5	0	
18.167	0.5	-3.684	8	2.5	0	
18.167	0.5	-3.684	8	2.5	0	
18.167	0.5	-3.684	8	2.5	0	
18.167	0.5	-3.684	12	2.5	0	
18.167	0.5	-3.684	12	2.5	0	
18.167	0.5	-3.684	12	2.5	0	
18.167	0.5	-3.684	12	2.5	0	
18.167	0.5	-3.684	12	2.5	0	
18.167	0.5	-3.684	12	2.5	0	
18.167	0.5	-3.684	12	2.5	0	
18.167	0.5	-3.684	12	2.5	0	
18.167	0.5	-3.684	12	2.5	0	
18.167	0.5	-3.684	12	2.5	0	
-3.628	0.5	5.046	0	2.5	0	
-3.628	0.5	5.046	0	2.5	0	
-3.628	0.5	5.046	0	2.5	0	
-3.628	0.5	5.046	0	2.5	0	
-3.628	0.5	5.046	0	2.5	0	
-3.628	0.5	5.046	0	2.5	0	
-3.628	0.5	5.046	0	2.5	0	
-3.628	0.5	5.046	0	2.5	0	
-3.628	0.5	5.046	0	2.5	0	
-3.628	0.5	5.046	0	2.5	0	
-23.434	0.5	-11.164	0	2.5	0	
-23.434	0.5	-11.164	0	2.5	0	
-23.434	0.5	-11.164	0	2.5	0	
-23.434	0.5	-11.164	0	2.5	0	
-23.434	0.5	-11.164	0	2.5	0	
-23.434	0.5	-11.164	0	2.5	0	
-23.434	0.5	-11.164	0	2.5	0	
-23.434	0.5	-11.164	0	2.5	0	
-23.434	0.5	-11.164	0	2.5	0	
-23.434	0.5	-11.164	0	2.5	0	
-23.434	0.5	-11.164	0	2.5	-4	
-23.434	0.5	-11.164	0	2.5	-4	
-23.434	0.5	-11.164	0	2.5	-4	
-23.434	0.5	-11.164	0	2.5	-4	
-23.434	0.5	-11.164	0	2.5	-4	
-23.434	0.5	-11.164	0	2.5	-4	
-23.434	0.5	-11.164	0	2.5	-4	
-23.434	0.5	-11.164	0	2.5	-4	
-23.434	0.5	-11.164	0	2.5	-4	
-23.434	0.5	-11.164	0	2.5	-4	
-23.434	0.5	-11.164	0	2.5	-8	
-23.434	0.5	-11.164	0	2.5	-8	
-23.434	0.5	-11.164	0	2.5	-8	
-23.434	0.5	-11.164	0	2.5	-8	
-23.434	0.5	-11.164	0	2.5	-8	
-23.434	0.5	-11.164	0	2.5	-8	
-23.434	0.5	-11.164	0	2.5	-8	
-23.434	0.5	-11.164	0	2.5	-8	
-23.434	0.5	-11.164	0	2.5	-8	
-23.434	0.5	-11.164	0	2.5	-8	
-23.434	0.5	-11.164	0	2.5	-12	
-23.434	0.5	-11.164	0	2.5	-12	
-23.434	0.5	-11.164	0	2.5	-12	
-23.434	0.5	-11.164	0	2.5	-12	
-23.434	0.5	-11.164	0	2.5	-12	
-23.434	0.5	-11.164	0	2.5	-12	
-23.434	0.5	-11.164	0	2.5	-12	
-23.434	0.5	-11.164	0	2.5	-12	
-23.434	0.5	-11.164	0	2.5	-12	
-23.434	0.5	-11.164	0	2.5	-12	
-23.434	0.5	-11.164	-4	2.5	-12	
-23.434	0.5	-11.164	-4	2.5	-12	
-23.434	0.5	-11.164	-4	2.5	-12	
-23.434	0.5	-11.164	-4	2.5	-12	
-23.434	0.5	-11.164	-4	2.5	-12	
-23.434	0.5	-11.164	-4	2.5	-12	
-23.434	0.5	-11.164	-4	2.5	-12	
-23.434	0.5	-11.164	-4	2.5	-12	
-23.434	0.5	-11.164	-4	2.5	-12	
-23.434	0.5	-11.164	-4	2.5	-12	
-23.434	0.5	-11.164	-8	2.5	-12	
-23.434	0.5	-11.164	-8	2.5	-12	
-23.434	0.5	-11.164	-8	2.5	-12	
-23.434	0.5	-11.164	-8	2.5	-12	
-23.434	0.5	-11.164	-8	2.5	-12	
-23.434	0.5	-11.164	-8	2.5	-12	
-23.434	0.5	-11.164	-8	2.5	-12	
-23.434	0.5	-11.164	-8	2.5	-12	
-23.434	0.5	-11.164	-8	2.5	-12	
-23.434	0.5	-11.164	-8	2.5	-12	
-23.434	0.5	-11.164	-12	2.5	-12	
-23.434	0.5	-11.164	-12	2.5	-12	
-23.434	0.5	-11.164	-12	2.5	-12	
-23.434	0.5	-11.164	-12	2.5	-12	
-23.434	0.5	-11.164	-12	2.5	-12	
-23.434	0.5	-11.164	-12	2.5	-12	
-23.434	0.5	-11.164	-12	2.5	-12	
-23.434	0.5	-11.164	-12	2.5	-12	
-23.434	0.5	-11.164	-12	2.5	-12	
-23.434	0.5	-11.164	-12	2.5	-12	
-23.434	0.5	-11.164	-16	2.5	-12	
-23.434	0.5	-11.164	-16	2.5	-12	
-23.434	0.5	-11.164	-16	2.5	-12	
-23.434	0.5	-11.164	-16	2.5	-12	
-23.434	0.5	-11.164	-16	2.5	-12	
-23.434	0.5	-11.164	-16	2.5	-12	
-23.434	0.5	-11.164	-16	2.5	-12	
-23.434	0.5	-11.164	-16	2.5	-12	
-23.434	0.5	-11.164	-16	2.5	-12	
-23.434	0.5	-11.164	-16	2.5	-12	
22.257	0.5	22.444	0	2.5	0	
22.257	0.5	22.444	0	2.5	0	
22.257	0.5	22.444	0	2.5	0	
22.257	0.5	22.444	0	2.5	0	
22.257	0.5	22.444	0	2.5	0	
22.257	0.5	22.444	0	2.5	0	
22.257	0.5	22.444	0	2.5	0	
22.257	0.5	22.444	0	2.5	0	
22.257	0.5	22.444	0	2.5	0	
22.257	0.5	22.444	0	2.5	0	
22.257	0.5	22.444	0	2.5	4	
22.257	0.5	22.444	0	2.5	4	
22.257	0.5	22.444	0	2.5	4	
22.257	0.5	22.444	0	2.5	4	
22.257	0.5	22.444	0	2.5	4	
22.257	0.5	22.444	0	2.5	4	
22.257	0.5	22.444	0	2.5	4	
22.257	0.5	22.444	0	2.5	4	
22.257	0.5	22.444	0	2.5	4	
22.257	0.5	22.444	0	2.5	4	
22.257	0.5	22.444	0	2.5	8	
22.257	0.5	22.444	0	2.5	8	
22.257	0.5	22.444	0	2.5	8	
22.257	0.5	22.444	0	2.5	8	
22.257	0.5	22.444	0	2.5	8	
22.257	0.5	22.444	0	2.5	8	
22.257	0.5	22.444	0	2.5	8	
22.257	0.5	22.444	0	2.5	8	
22.257	0.5	22.444	0	2.5	8	
22.257	0.5	22.444	0	2.5	8	
22.257	0.5	22.444	0	2.5	12	
22.257	0.5	22.444	0	2.5	12	
22.257	0.5	22.444	0	2.5	12	
22.257	0.5	22.444	0	2.5	12	
22.257	0.5	22.444	0	2.5	12	
22.257	0.5	22.444	0	2.5	12	
22.257	0.5	22.444	0	2.5	12	
22.257	0.5	22.444	0	2.5	12	
22.257	0.5	22.444	0	2.5	12	
22.257	0.5	22.444	0	2.5	12	
22.257	0.5	22.444	0	2.5	16	
22.257	0.5	22.444	0	2.5	16	
22.257	0.5	22.444	0	2.5	16	
22.257	0.5	22.444	0	2.5	16	
22.257	0.5	22.444	0	2.5	16	
22.257	0.5	22.444	0	2.5	16	
22.257	0.5	22.444	0	2.5	16	
22.257	0.5	22.444	0	2.5	16	
22.257	0.5	22.444	0	2.5	16	
22.257	0.5	22.444	0	2.5	16	
22.257	0.5	22.444	0	2.5	20	
22.257	0.5	22.444	0	2.5	20	
22.257	0.5	22.444	0	2.5	20	
22.257	0.5	22.444	0	2.5	20	
22.257	0.5	22.444	0	2.5	20	
22.257	0.5	22.444	0	2.5	20	
22.257	0.5	22.444	0	2.5	20	
22.257	0.5	22.444	0	2.5	20	
22.257	0.5	22.444	0	2.5	20	
22.257	0.5	22.444	0	2.5	20	
22.257	0.5	22.444	4	2.5	20	
22.257	0.5	22.444	4	2.5	20	
22.257	0.5	22.444	4	2.5	20	
22.257	0.5	22.444	4	2.5	20	
22.257	0.5	22.444	4	2.5	20	
22.257	0.5	22.444	4	2.5	20	
22.257	0.5	22.444	4	2.5	20	
22.257	0.5	22.444	4	2.5	20	
22.257	0.5	22.444	4	2.5	20	
22.257	0.5	22.444	4	2.5	20	
22.257	0.5	22.444	8	2.5	20	
22.257	0.5	22.444	8	2.5	20	
22.257	0.5	22.444	8	2.5	20	
22.257	0.5	22.444	8	2.5	20	
22.257	0.5	22.444	8	2.5	20	
22.257	0.5	22.444	8	2.5	20	
22.257	0.5	22.444	8	2.5	20	
22.257	0.5	22.444	8	2.5	20	
22.257	0.5	22.444	8	2.5	20	
22.257	0.5	22.444	8	2.5	20	
22.257	0.5	22.444	12	2.5	20	
22.257	0.5	22.444	12	2.5	20	
22.257	0.5	22.444	12	2.5	20	
22.257	0.5	22.444	12	2.5	20	
22.257	0.5	22.444	12	2.5	20	
22.257	0.5	22.444	12	2.5	20	
22.257	0.5	22.444	12	2.5	20	
22.257	0.5	22.444	12	2.5	20	
22.257	0.5	22.444	12	2.5	20	
22.257	0.5	22.444	12	2.5	20	
22.257	0.5	22.444	16	2.5	20	
22.257	0.5	22.444	16	2.5	20	
22.257	0.5	22.444	16	2.5	20	
22.257	0.5	22.444	16	2.5	20	
22.257	0.5	22.444	16	2.5	20	
22.257	0.5	22.444	16	2.5	20	
22.257	0.5	22.444	16	2.5	20	
22.257	0.5	22.444	16	2.5	20	
22.257	0.5	22.444	16	2.5	20	
22.257	0.5	22.444	16	2.5	20	
7.474	0.5	7.875	0	2.5	0	
7.474	0.5	7.875	0	2.5	0	
7.474	0.5	7.875	0	2.5	0	
7.474	0.5	7.875	0	2.5	0	
7.474	0.5	7.875	0	2.5	0	
7.474	0.5	7.875	0	2.5	0	
7.474	0.5	7.875	0	2.5	0	
7.474	0.5	7.875	0	2.5	0	
7.474	0.5	7.875	0	2.5	0	
7.474	0.5	7.875	0	2.5	0	
7.474	0.5	7.875	4	2.5	0	
7.474	0.5	7.875	4	2.5	0	
7.474	0.5	7.875	4	2.5	0	
7.474	0.5	7.875	4	2.5	0	
7.474	0.5	7.875	4	2.5	0	
7.474	0.5	7.875	4	2.5	0	
7.474	0.5	7.875	4	2.5	0	
7.474	0.5	7.875	4	2.5	0	
7.474	0.5	7.875	4	2.5	0	
7.474	0.5	7.875	4	2.5	0	
23.592	0.5	15.875	0	0	0	
23.592	0.5	15.875	0	0	0	
23.592	0.5	15.875	0	0	0	
23.592	0.5	15.875	0	0	0	
23.592	0.5	15.875	0	0	0	
23.592	0.5	15.875	0	0	0	
23.592	0.5	15.875	0	0	0	
23.592	0.5	15.875	0	0	0	
23.592	0.5	15.875	0	0	0	
23.592	0.5	15.875	0	0	0	
23.592	0.5	15.875	0	2.5	4	
23.592	0.5	15.875	0	2.5	4	
23.592	0.5	15.875	0	2.5	4	
23.592	0.5	15.875	0	2.5	4	
23.592	0.5	15.875	0	2.5	4	
23.592	0.5	15.875	0	2.5	4	
23.592	0.5	15.875	0	2.5	4	
23.592	0.5	15.875	0	2.5	4	
23.592	0.5	15.875	0	2.5	4	
23.592	0.5	15.875	0	2.5	4	
23.592	0.5	15.875	0	2.5	8	
23.592	0.5	15.875	0	2.5	8	
23.592	0.5	15.875	0	2.5	8	
23.592	0.5	15.875	0	2.5	8	
23.592	0.5	15.875	0	2.5	8	
23.592	0.5	15.875	0	2.5	8	
23.592	0.5	15.875	0	2.5	8	
23.592	0.5	15.875	0	2.5	8	
23.592	0.5	15.875	0	2.5	8	
23.592	0.5	15.875	0	2.5	8	
23.592	0.5	15.875	0	2.5	12	
23.592	0.5	15.875	0	2.5	12	
23.592	0.5	15.875	0	2.5	12	
23.592	0.5	15.875	0	2.5	12	
23.592	0.5	15.875	0	2.5	12	
23.592	0.5	15.875	0	2.5	12	
23.592	0.5	15.875	0	2.5	12	
23.592	0.5	15.875	0	2.5	12	
23.592	0.5	15.875	0	2.5	12	
23.592	0.5	15.875	0	2.5	12	
23.592	0.5	15.875	4	2.5	12	
23.592	0.5	15.875	4	2.5	12	
23.592	0.5	15.875	4	2.5	12	
23.592	0.5	15.875	4	2.5	12	
23.592	0.5	15.875	4	2.5	12	
23.592	0.5	15.875	4	2.5	12	
23.592	0.5	15.875	4	2.5	12	
23.592	0.5	15.875	4	2.5	12	
23.592	0.5	15.875	4	2.5	12	
23.592	0.5	15.875	4	2.5	12	
23.592	0.5	15.875	8	2.5	12	
23.592	0.5	15.875	8	2.5	12	
23.592	0.5	15.875	8	2.5	12	
23.592	0.5	15.875	8	2.5	12	
23.592	0.5	15.875	8	2.5	12	
23.592	0.5	15.875	8	2.5	12	
23.592	0.5	15.875	8	2.5	12	
23.592	0.5	15.875	8	2.5	12	
23.592	0.5	15.875	8	2.5	12	
23.592	0.5	15.875	8	2.5	12	
23.592	0.5	15.875	12	2.5	12	
23.592	0.5	15.875	12	2.5	12	
23.592	0.5	15.875	12	2.5	12	
23.592	0.5	15.875	12	2.5	12	
23.592	0.5	15.875	12	2.5	12	
23.592	0.5	15.875	12	2.5	12	
23.592	0.5	15.875	12	2.5	12	
23.592	0.5	15.875	12	2.5	12	
23.592	0.5	15.875	12	2.5	12	
23.592	0.5	15.875	12	2.5	12	
23.592	0.5	15.875	16	2.5	12	
23.592	0.5	15.875	16	2.5	12	
23.592	0.5	15.875	16	2.5	12	
23.592	0.5	15.875	16	2.5	12	
23.592	0.5	15.875	16	2.5	12	
23.592	0.5	15.875	16	2.5	12	
23.592	0.5	15.875	16	2.5	12	
23.592	0.5	15.875	16	2.5	12	
23.592	0.5	15.875	16	2.5	12	
23.592	0.5	15.875	16	2.5	12	
-7.973	0.5	5.784	0	2.5	0	
-7.973	0.5	5.784	0	2.5	0	
-7.973	0.5	5.784	0	2.5	0	
-7.973	0.5	5.784	0	2.5	0	
-7.973	0.5	5.784	0	2.5	0	
-7.973	0.5	5.784	0	2.5	0	
-7.973	0.5	5.784	0	2.5	0	
-7.973	0.5	5.784	0	2.5	0	
-7.973	0.5	5.784	0	2.5	0	
-7.973	0.5	5.784	0	2.5	0	
-7.973	0.5	5.784	-4	2.5	0	
-7.973	0.5	5.784	-4	2.5	0	
-7.973	0.5	5.784	-4	2.5	0	
-7.973	0.5	5.784	-4	2.5	0	
-7.973	0.5	5.784	-4	2.5	0	
-7.973	0.5	5.784	-4	2.5	0	
-7.973	0.5	5.784	-4	2.5	0	
-7.973	0.5	5.784	-4	2.5	0	
-7.973	0.5	5.784	-4	2.5	0	
-7.973	0.5	5.784	-4	2.5	0	
-21.246	0.5	15.32	0	2.5	0	
-21.246	0.5	15.32	0	2.5	0	
-21.246	0.5	15.32	0	2.5	0	
-21.246	0.5	15.32	0	2.5	0	
-21.246	0.5	15.32	0	2.5	0	
-21.246	0.5	15.32	0	2.5	0	
-21.246	0.5	15.32	0	2.5	0	
-21.246	0.5	15.32	0	2.5	0	
-21.246	0.5	15.32	0	2.5	0	
-21.246	0.5	15.32	0	2.5	0	
-21.246	0.5	15.32	0	2.5	4	
-21.246	0.5	15.32	0	2.5	4	
-21.246	0.5	15.32	0	2.5	4	
-21.246	0.5	15.32	0	2.5	4	
-21.246	0.5	15.32	0	2.5	4	
-21.246	0.5	15.32	0	2.5	4	
-21.246	0.5	15.32	0	2.5	4	
-21.246	0.5	15.32	0	2.5	4	
-21.246	0.5	15.32	0	2.5	4	
-21.246	0.5	15.32	0	2.5	4	
-21.246	0.5	15.32	0	2.5	8	
-21.246	0.5	15.32	0	2.5	8	
-21.246	0.5	15.32	0	2.5	8	
-21.246	0.5	15.32	0	2.5	8	
-21.246	0.5	15.32	0	2.5	8	
-21.246	0.5	15.32	0	2.5	8	
-21.246	0.5	15.32	0	2.5	8	
-21.246	0.5	15.32	0	2.5	8	
-21.246	0.5	15.32	0	2.5	8	
-21.246	0.5	15.32	0	2.5	8	
-21.246	0.5	15.32	0	2.5	12	
-21.246	0.5	15.32	0	2.5	12	
-21.246	0.5	15.32	0	2.5	12	
-21.246	0.5	15.32	0	2.5	12	
-21.246	0.5	15.32	0	2.5	12	
-21.246	0.5	15.32	0	2.5	12	
-21.246	0.5	15.32	0	2.5	12	
-21.246	0.5	15.32	0	2.5	12	
-21.246	0.5	15.32	0	2.5	12	
-21.246	0.5	15.32	0	2.5	12	
-21.246	0.5	15.32	-4	2.5	12	
-21.246	0.5	15.32	-4	2.5	12	
-21.246	0.5	15.32	-4	2.5	12	
-21.246	0.5	15.32	-4	2.5	12	
-21.246	0.5	15.32	-4	2.5	12	
-21.246	0.5	15.32	-4	2.5	12	
-21.246	0.5	15.32	-4	2.5	12	
-21.246	0.5	15.32	-4	2.5	12	
-21.246	0.5	15.32	-4	2.5	12	
-21.246	0.5	15.32	-4	2.5	12	
-21.246	0.5	15.32	-8	2.5	12	
-21.246	0.5	15.32	-8	2.5	12	
-21.246	0.5	15.32	-8	2.5	12	
-21.246	0.5	15.32	-8	2.5	12	
-21.246	0.5	15.32	-8	2.5	12	
-21.246	0.5	15.32	-8	2.5	12	
-21.246	0.5	15.32	-8	2.5	12	
-21.246	0.5	15.32	-8	2.5	12	
-21.246	0.5	15.32	-8	2.5	12	
-21.246	0.5	15.32	-8	2.5	12	
-21.246	0.5	15.32	-12	2.5	12	
-21.246	0.5	15.32	-12	2.5	12	
-21.246	0.5	15.32	-12	2.5	12	
-21.246	0.5	15.32	-12	2.5	12	
-21.246	0.5	15.32	-12	2.5	12	
-21.246	0.5	15.32	-12	2.5	12	
-21.246	0.5	15.32	-12	2.5	12	
-21.246	0.5	15.32	-12	2.5	12	
-21.246	0.5	15.32	-12	2.5	12	
-21.246	0.5	15.32	-12	2.5	12	
-21.246	0.5	15.32	-16	2.5	12	
-21.246	0.5	15.32	-16	2.5	12	
-21.246	0.5	15.32	-16	2.5	12	
-21.246	0.5	15.32	-16	2.5	12	
-21.246	0.5	15.32	-16	2.5	12	
-21.246	0.5	15.32	-16	2.5	12	
-21.246	0.5	15.32	-16	2.5	12	
-21.246	0.5	15.32	-16	2.5	12	
-21.246	0.5	15.32	-16	2.5	12	
-21.246	0.5	15.32	-16	2.5	12	
17.553	0.5	12.373	0	2.5	0	
17.553	0.5	12.373	0	2.5	0	
17.553	0.5	12.373	0	2.5	0	
17.553	0.5	12.373	0	2.5	0	
17.553	0.5	12.373	0	2.5	0	
17.553	0.5	12.373	0	2.5	0	
17.553	0.5	12.373	0	2.5	0	
17.553	0.5	12.373	0	2.5	0	
17.553	0.5	12.373	0	2.5	0	
17.553	0.5	12.373	0	2.5	0	
17.553	0.5	12.373	4	2.5	0	
17.553	0.5	12.373	4	2.5	0	
17.553	0.5	12.373	4	2.5	0	
17.553	0.5	12.373	4	2.5	0	
17.553	0.5	12.373	4	2.5	0	
17.553	0.5	12.373	4	2.5	0	
17.553	0.5	12.373	4	2.5	0	
17.553	0.5	12.373	4	2.5	0	
17.553	0.5	12.373	4	2.5	0	
17.553	0.5	12.373	4	2.5	0	
17.553	0.5	12.373	8	2.5	0	
17.553	0.5	12.373	8	2.5	0	
17.553	0.5	12.373	8	2.5	0	
17.553	0.5	12.373	8	2.5	0	
17.553	0.5	12.373	8	2.5	0	
17.553	0.5	12.373	8	2.5	0	
17.553	0.5	12.373	8	2.5	0	
17.553	0.5	12.373	8	2.5	0	
17.553	0.5	12.373	8	2.5	0	
17.553	0.5	12.373	8	2.5	0	
17.553	0.5	12.373	12	2.5	0	
17.553	0.5	12.373	12	2.5	0	
17.553	0.5	12.373	12	2.5	0	
17.553	0.5	12.373	12	2.5	0	
17.553	0.5	12.373	12	2.5	0	
17.553	0.5	12.373	12	2.5	0	
17.553	0.5	12.373	12	2.5	0	
17.553	0.5	12.373	12	2.5	0	
17.553	0.5	12.373	12	2.5	0	
17.553	0.5	12.373	12	2.5	0	
17.553	0.5	12.373	16	2.5	0	
17.553	0.5	12.373	16	2.5	0	
17.553	0.5	12.373	16	2.5	0	
17.553	0.5	12.373	16	2.5	0	
17.553	0.5	12.373	16	2.5	0	
17.553	0.5	12.373	16	2.5	0	
17.553	0.5	12.373	16	2.5	0	
17.553	0.5	12.373	16	2.5	0	
17.553	0.5	12.373	16	2.5	0	
17.553	0.5	12.373	16	2.5	0	
17.553	0.5	12.373	16	2.5	4	
17.553	0.5	12.373	16	2.5	4	
17.553	0.5	12.373	16	2.5	4	
17.553	0.5	12.373	16	2.5	4	
17.553	0.5	12.373	16	2.5	4	
17.553	0.5	12.373	16	2.5	4	
17.553	0.5	12.373	16	2.5	4	
17.553	0.5	12.373	16	2.5	4	
17.553	0.5	12.373	16	2.5	4	
17.553	0.5	12.373	16	2.5	4	
-14.289	0.5	17.881	0	0	0	
-14.289	0.5	17.881	0	0	0	
-14.289	0.5	17.881	0	0	0	
-14.289	0.5	17.881	0	0	0	
-14.289	0.5	17.881	0	0	0	
-14.289	0.5	17.881	0	0	0	
-14.289	0.5	17.881	0	0	0	
-14.289	0.5	17.881	0	0	0	
-14.289	0.5	17.881	0	0	0	
-14.289	0.5	17.881	0	0	0	
-14.289	0.5	17.881	0	2.5	4	
-14.289	0.5	17.881	0	2.5	4	
-14.289	0.5	17.881	0	2.5	4	
-14.289	0.5	17.881	0	2.5	4	
-14.289	0.5	17.881	0	2.5	4	
-14.289	0.5	17.881	0	2.5	4	
-14.289	0.5	17.881	0	2.5	4	
-14.289	0.5	17.881	0	2.5	4	
-14.289	0.5	17.881	0	2.5	4	
-14.289	0.5	17.881	0	2.5	4	
-14.289	0.5	17.881	-4	2.5	4	
-14.289	0.5	17.881	-4	2.5	4	
-14.289	0.5	17.881	-4	2.5	4	
-14.289	0.5	17.881	-4	2.5	4	
-14.289	0.5	17.881	-4	2.5	4	
-14.289	0.5	17.881	-4	2.5	4	
-14.289	0.5	17.881	-4	2.5	4	
-14.289	0.5	17.881	-4	2.5	4	
-14.289	0.5	17.881	-4	2.5	4	
-14.289	0.5	17.881	-4	2.5	4	
-14.289	0.5	17.881	-8	2.5	4	
-14.289	0.5	17.881	-8	2.5	4	
-14.289	0.5	17.881	-8	2.5	4	
-14.289	0.5	17.881	-8	2.5	4	
-14.289	0.5	17.881	-8	2.5	4	
-14.289	0.5	17.881	-8	2.5	4	
-14.289	0.5	17.881	-8	2.5	4	
-14.289	0.5	17.881	-8	2.5	4	
-14.289	0.5	17.881	-8	2.5	4	
-14.289	0.5	17.881	-8	2.5	4	
-14.289	0.5	17.881	-12	2.5	4	
-14.289	0.5	17.881	-12	2.5	4	
-14.289	0.5	17.881	-12	2.5	4	
-14.289	0.5	17.881	-12	2.5	4	
-14.289	0.5	17.881	-12	2.5	4	
-14.289	0.5	17.881	-12	2.5	4	
-14.289	0.5	17.881	-12	2.5	4	
-14.289	0.5	17.881	-12	2.5	4	
-14.289	0.5	17.881	-12	2.5	4	
-14.289	0.5	17.881	-12	2.5	4	
-14.289	0.5	17.881	-12	2.5	8	
-14.289	0.5	17.881	-12	2.5	8	
-14.289	0.5	17.881	-12	2.5	8	
-14.289	0.5	17.881	-12	2.5	8	
-14.289	0.5	17.881	-12	2.5	8	
-14.289	0.5	17.881	-12	2.5	8	
-14.289	0.5	17.881	-12	2.5	8	
-14.289	0.5	17.881	-12	2.5	8	
-14.289	0.5	17.881	-12	2.5	8	
-14.289	0.5	17.881	-12	2.5	8	
-14.289	0.5	17.881	-12	2.5	12	
-14.289	0.5	17.881	-12	2.5	12	
-14.289	0.5	17.881	-12	2.5	12	
-14.289	0.5	17.881	-12	2.5	12	
-14.289	0.5	17.881	-12	2.5	12	
-14.289	0.5	17.881	-12	2.5	12	
-14.289	0.5	17.881	-12	2.5	12	
-14.289	0.5	17.881	-12	2.5	12	
-14.289	0.5	17.881	-12	2.5	12	
-14.289	0.5	17.881	-12	2.5	12	
-3.483	0.5	-5.551	0	2.5	0	
-3.483	0.5	-5.551	0	2.5	0	
-3.483	0.5	-5.551	0	2.5	0	
-3.483	0.5	-5.551	0	2.5	0	
-3.483	0.5	-5.551	0	2.5	0	
-3.483	0.5	-5.551	0	2.5	0	
-3.483	0.5	-5.551	0	2.5	0	
-3.483	0.5	-5.551	0	2.5	0	
-3.483	0.5	-5.551	0	2.5	0	
-3.483	0.5	-5.551	0	2.5	0	
1.647	0.5	11.341	0	2.5	0	
1.647	0.5	11.341	0	2.5	0	
1.647	0.5	11.341	0	2.5	0	
1.647	0.5	11.341	0	2.5	0	
1.647	0.5	11.341	0	2.5	0	
1.647	0.5	11.341	0	2.5	0	
1.647	0.5	11.341	0	2.5	0	
1.647	0.5	11.341	0	2.5	0	
1.647	0.5	11.341	0	2.5	0	
1.647	0.5	11.341	0	2.5	0	
1.647	0.5	11.341	0	2.5	4	
1.647	0.5	11.341	0	2.5	4	
1.647	0.5	11.341	0	2.5	4	
1.647	0.5	11.341	0	2.5	4	
1.647	0.5	11.341	0	2.5	4	
1.647	0.5	11.341	0	2.5	4	
1.647	0.5	11.341	0	2.5	4	
1.647	0.5	11.341	0	2.5	4	
1.647	0.5	11.341	0	2.5	4	
1.647	0.5	11.341	0	2.5	4	
14.341	0.5	-22.589	0	2.5	0	
14.341	0.5	-22.589	0	2.5	0	
14.341	0.5	-22.589	0	2.5	0	
14.341	0.5	-22.589	0	2.5	0	
14.341	0.5	-22.589	0	2.5	0	
14.341	0.5	-22.589	0	2.5	0	
14.341	0.5	-22.589	0	2.5	0	
14.341	0.5	-22.589	0	2.5	0	
14.341	0.5	-22.589	0	2.5	0	
14.341	0.5	-22.589	0	2.5	0	
14.341	0.5	-22.589	0	2.5	-4	
14.341	0.5	-22.589	0	2.5	-4	
14.341	0.5	-22.589	0	2.5	-4	
14.341	0.5	-22.589	0	2.5	-4	
14.341	0.5	-22.589	0	2.5	-4	
14.341	0.5	-22.589	0	2.5	-4	
14.341	0.5	-22.589	0	2.5	-4	
14.341	0.5	-22.589	0	2.5	-4	
14.341	0.5	-22.589	0	2.5	-4	
14.341	0.5	-22.589	0	2.5	-4	
14.341	0.5	-22.589	0	2.5	-8	
14.341	0.5	-22.589	0	2.5	-8	
14.341	0.5	-22.589	0	2.5	-8	
14.341	0.5	-22.589	0	2.5	-8	
14.341	0.5	-22.589	0	2.5	-8	
14.341	0.5	-22.589	0	2.5	-8	
14.341	0.5	-22.589	0	2.5	-8	
14.341	0.5	-22.589	0	2.5	-8	
14.341	0.5	-22.589	0	2.5	-8	
14.341	0.5	-22.589	0	2.5	-8	
14.341	0.5	-22.589	0	2.5	-12	
14.341	0.5	-22.589	0	2.5	-12	
14.341	0.5	-22.589	0	2.5	-12	
14.341	0.5	-22.589	0	2.5	-12	
14.341	0.5	-22.589	0	2.5	-12	
14.341	0.5	-22.589	0	2.5	-12	
14.341	0.5	-22.589	0	2.5	-12	
14.341	0.5	-22.589	0	2.5	-12	
14.341	0.5	-22.589	0	2.5	-12	
14.341	0.5	-22.589	0	2.5	-12	
14.341	0.5	-22.589	0	2.5	-16	
14.341	0.5	-22.589	0	2.5	-16	
14.341	0.5	-22.589	0	2.5	-16	
14.341	0.5	-22.589	0	2.5	-16	
14.341	0.5	-22.589	0	2.5	-16	
14.341	0.5	-22.589	0	2.5	-16	
14.341	0.5	-22.589	0	2.5	-16	
14.341	0.5	-22.589	0	2.5	-16	
14.341	0.5	-22.589	0	2.5	-16	
14.341	0.5	-22.589	0	2.5	-16	
14.341	0.5	-22.589	0	2.5	-20	
14.341	0.5	-22.589	0	2.5	-20	
14.341	0.5	-22.589	0	2.5	-20	
14.341	0.5	-22.589	0	2.5	-20	
14.341	0.5	-22.589	0	2.5	-20	
14.341	0.5	-22.589	0	2.5	-20	
14.341	0.5	-22.589	0	2.5	-20	
14.341	0.5	-22.589	0	2.5	-20	
14.341	0.5	-22.589	0	2.5	-20	
14.341	0.5	-22.589	0	2.5	-20	
14.341	0.5	-22.589	4	2.5	-20	
14.341	0.5	-22.589	4	2.5	-20	
14.341	0.5	-22.589	4	2.5	-20	
14.341	0.5	-22.589	4	2.5	-20	
14.341	0.5	-22.589	4	2.5	-20	
14.341	0.5	-22.589	4	2.5	-20	
14.341	0.5	-22.589	4	2.5	-20	
14.341	0.5	-22.589	4	2.5	-20	
14.341	0.5	-22.589	4	2.5	-20	
14.341	0.5	-22.589	4	2.5	-20	
14.341	0.5	-22.589	8	2.5	-20	
14.341	0.5	-22.589	8	2.5	-20	
14.341	0.5	-22.589	8	2.5	-20	
14.341	0.5	-22.589	8	2.5	-20	
14.341	0.5	-22.589	8	2.5	-20	
14.341	0.5	-22.589	8	2.5	-20	
14.341	0.5	-22.589	8	2.5	-20	
14.341	0.5	-22.589	8	2.5	-20	
14.341	0.5	-22.589	8	2.5	-20	
14.341	0.5	-22.589	8	2.5	-20	
18.926	0.5	-11.832	0	2.5	0	
18.926	0.5	-11.832	0	2.5	0	
18.926	0.5	-11.832	0	2.5	0	
18.926	0.5	-11.832	0	2.5	0	
18.926	0.5	-11.832	0	2.5	0	
18.926	0.5	-11.832	0	2.5	0	
18.926	0.5	-11.832	0	2.5	0	
18.926	0.5	-11.832	0	2.5	0	
18.926	0.5	-11.832	0	2.5	0	
18.926	0.5	-11.832	0	2.5	0	
18.926	0.5	-11.832	0	2.5	4	
18.926	0.5	-11.832	0	2.5	4	
18.926	0.5	-11.832	0	2.5	4	
18.926	0.5	-11.832	0	2.5	4	
18.926	0.5	-11.832	0	2.5	4	
18.926	0.5	-11.832	0	2.5	4	
18.926	0.5	-11.832	0	2.5	4	
18.926	0.5	-11.832	0	2.5	4	
18.926	0.5	-11.832	0	2.5	4	
18.926	0.5	-11.832	0	2.5	4	
18.926	0.5	-11.832	0	2.5	0	
18.926	0.5	-11.832	0	2.5	0	
18.926	0.5	-11.832	0	2.5	0	
18.926	0.5	-11.832	0	2.5	0	
18.926	0.5	-11.832	0	2.5	0	
18.926	0.5	-11.832	0	2.5	0	
18.926	0.5	-11.832	0	2.5	0	
18.926	0.5	-11.832	0	2.5	0	
18.926	0.5	-11.832	0	2.5	0	
18.926	0.5	-11.832	0	2.5	0	
18.926	0.5	-11.832	0	2.5	-4	
18.926	0.5	-11.832	0	2.5	-4	
18.926	0.5	-11.832	0	2.5	-4	
18.926	0.5	-11.832	0	2.5	-4	
18.926	0.5	-11.832	0	2.5	-4	
18.926	0.5	-11.832	0	2.5	-4	
18.926	0.5	-11.832	0	2.5	-4	
18.926	0.5	-11.832	0	2.5	-4	
18.926	0.5	-11.832	0	2.5	-4	
18.926	0.5	-11.832	0	2.5	-4	
18.926	0.5	-11.832	0	2.5	-8	
18.926	0.5	-11.832	0	2.5	-8	
18.926	0.5	-11.832	0	2.5	-8	
18.926	0.5	-11.832	0	2.5	-8	
18.926	0.5	-11.832	0	2.5	-8	
18.926	0.5	-11.832	0	2.5	-8	
18.926	0.5	-11.832	0	2.5	-8	
18.926	0.5	-11.832	0	2.5	-8	
18.926	0.5	-11.832	0	2.5	-8	
18.926	0.5	-11.832	0	2.5	-8	
18.926	0.5	-11.832	0	2.5	-12	
18.926	0.5	-11.832	0	2.5	-12	
18.926	0.5	-11.832	0	2.5	-12	
18.926	0.5	-11.832	0	2.5	-12	
18.926	0.5	-11.832	0	2.5	-12	
18.926	0.5	-11.832	0	2.5	-12	
18.926	0.5	-11.832	0	2.5	-12	
18.926	0.5	-11.832	0	2.5	-12	
18.926	0.5	-11.832	0	2.5	-12	
18.926	0.5	-11.832	0	2.5	-12	
18.926	0.5	-11.832	4	2.5	-12	
18.926	0.5	-11.832	4	2.5	-12	
18.926	0.5	-11.832	4	2.5	-12	
18.926	0.5	-11.832	4	2.5	-12	
18.926	0.5	-11.832	4	2.5	-12	
18.926	0.5	-11.832	4	2.5	-12	
18.926	0.5	-11.832	4	2.5	-12	
18.926	0.5	-11.832	4	2.5	-12	
18.926	0.5	-11.832	4	2.5	-12	
18.926	0.5	-11.832	4	2.5	-12	
18.926	0.5	-11.832	8	2.5	-12	
18.926	0.5	-11.832	8	2.5	-12	
18.926	0.5	-11.832	8	2.5	-12	
18.926	0.5	-11.832	8	2.5	-12	
18.926	0.5	-11.832	8	2.5	-12	
18.926	0.5	-11.832	8	2.5	-12	
18.926	0.5	-11.832	8	2.5	-12	
18.926	0.5	-11.832	8	2.5	-12	
18.926	0.5	-11.832	8	2.5	-12	
18.926	0.5	-11.832	8	2.5	-12	
18.926	0.5	-11.832	12	2.5	-12	
18.926	0.5	-11.832	12	2.5	-12	
18.926	0.5	-11.832	12	2.5	-12	
18.926	0.5	-11.832	12	2.5	-12	
18.926	0.5	-11.832	12	2.5	-12	
18.926	0.5	-11.832	12	2.5	-12	
18.926	0.5	-11.832	12	2.5	-12	
18.926	0.5	-11.832	12	2.5	-12	
18.926	0.5	-11.832	12	2.5	-12	
18.926	0.5	-11.832	12	2.5	-12	
-4.155	0.5	5.577	0	2.5	0	
-4.155	0.5	5.577	0	2.5	0	
-4.155	0.5	5.577	0	2.5	0	
-4.155	0.5	5.577	0	2.5	0	
-4.155	0.5	5.577	0	2.5	0	
-4.155	0.5	5.577	0	2.5	0	
-4.155	0.5	5.577	0	2.5	0	
-4.155	0.5	5.577	0	2.5	0	
-4.155	0.5	5.577	0	2.5	0	
-4.155	0.5	5.577	0	2.5	0	
19.598	0.5	-12.326	0	0	0	
19.598	0.5	-12.326	0	0	0	
19.598	0.5	-12.326	0	0	0	
19.598	0.5	-12.326	0	0	0	
19.598	0.5	-12.326	0	0	0	
19.598	0.5	-12.326	0	0	0	
19.598	0.5	-12.326	0	0	0	
19.598	0.5	-12.326	0	0	0	
19.598	0.5	-12.326	0	0	0	
19.598	0.5	-12.326	0	0	0	
19.598	0.5	-12.326	0	2.5	4	
19.598	0.5	-12.326	0	2.5	4	
19.598	0.5	-12.326	0	2.5	4	
19.598	0.5	-12.326	0	2.5	4	
19.598	0.5	-12.326	0	2.5	4	
19.598	0.5	-12.326	0	2.5	4	
19.598	0.5	-12.326	0	2.5	4	
19.598	0.5	-12.326	0	2.5	4	
19.598	0.5	-12.326	0	2.5	4	
19.598	0.5	-12.326	0	2.5	4	
19.598	0.5	-12.326	0	2.5	0	
19.598	0.5	-12.326	0	2.5	0	
19.598	0.5	-12.326	0	2.5	0	
19.598	0.5	-12.326	0	2.5	0	
19.598	0.5	-12.326	0	2.5	0	
19.598	0.5	-12.326	0	2.5	0	
19.598	0.5	-12.326	0	2.5	0	
19.598	0.5	-12.326	0	2.5	0	
19.598	0.5	-12.326	0	2.5	0	
19.598	0.5	-12.326	0	2.5	0	
19.598	0.5	-12.326	0	2.5	-4	
19.598	0.5	-12.326	0	2.5	-4	
19.598	0.5	-12.326	0	2.5	-4	
19.598	0.5	-12.326	0	2.5	-4	
19.598	0.5	-12.326	0	2.5	-4	
19.598	0.5	-12.326	0	2.5	-4	
19.598	0.5	-12.326	0	2.5	-4	
19.598	0.5	-12.326	0	2.5	-4	
19.598	0.5	-12.326	0	2.5	-4	
19.598	0.5	-12.326	0	2.5	-4	
19.598	0.5	-12.326	0	2.5	-8	
19.598	0.5	-12.326	0	2.5	-8	
19.598	0.5	-12.326	0	2.5	-8	
19.598	0.5	-12.326	0	2.5	-8	
19.598	0.5	-12.326	0	2.5	-8	
19.598	0.5	-12.326	0	2.5	-8	
19.598	0.5	-12.326	0	2.5	-8	
19.598	0.5	-12.326	0	2.5	-8	
19.598	0.5	-12.326	0	2.5	-8	
19.598	0.5	-12.326	0	2.5	-8	
19.598	0.5	-12.326	0	2.5	-12	
19.598	0.5	-12.326	0	2.5	-12	
19.598	0.5	-12.326	0	2.5	-12	
19.598	0.5	-12.326	0	2.5	-12	
19.598	0.5	-12.326	0	2.5	-12	
19.598	0.5	-12.326	0	2.5	-12	
19.598	0.5	-12.326	0	2.5	-12	
19.598	0.5	-12.326	0	2.5	-12	
19.598	0.5	-12.326	0	2.5	-12	
19.598	0.5	-12.326	0	2.5	-12	
19.598	0.5	-12.326	4	2.5	-12	
19.598	0.5	-12.326	4	2.5	-12	
19.598	0.5	-12.326	4	2.5	-12	
19.598	0.5	-12.326	4	2.5	-12	
19.598	0.5	-12.326	4	2.5	-12	
19.598	0.5	-12.326	4	2.5	-12	
19.598	0.5	-12.326	4	2.5	-12	
19.598	0.5	-12.326	4	2.5	-12	
19.598	0.5	-12.326	4	2.5	-12	
19.598	0.5	-12.326	4	2.5	-12	
19.598	0.5	-12.326	8	2.5	-12	
19.598	0.5	-12.326	8	2.5	-12	
19.598	0.5	-12.326	8	2.5	-12	
19.598	0.5	-12.326	8	2.5	-12	
19.598	0.5	-12.326	8	2.5	-12	
19.598	0.5	-12.326	8	2.5	-12	
19.598	0.5	-12.326	8	2.5	-12	
19.598	0.5	-12.326	8	2.5	-12	
19.598	0.5	-12.326	8	2.5	-12	
19.598	0.5	-12.326	8	2.5	-12	
19.598	0.5	-12.326	12	2.5	-12	
19.598	0.5	-12.326	12	2.5	-12	
19.598	0.5	-12.326	12	2.5	-12	
19.598	0.5	-12.326	12	2.5	-12	
19.598	0.5	-12.326	12	2.5	-12	
19.598	0.5	-12.326	12	2.5	-12	
19.598	0.5	-12.326	12	2.5	-12	
19.598	0.5	-12.326	12	2.5	-12	
19.598	0.5	-12.326	12	2.5	-12	
19.598	0.5	-12.326	12	2.5	-12	
-15.69	0.5	-16.185	0	2.5	0	
-15.69	0.5	-16.185	0	2.5	0	
-15.69	0.5	-16.185	0	2.5	0	
-15.69	0.5	-16.185	0	2.5	0	
-15.69	0.5	-16.185	0	2.5	0	
-15.69	0.5	-16.185	0	2.5	0	
-15.69	0.5	-16.185	0	2.5	0	
-15.69	0.5	-16.185	0	2.5	0	
-15.69	0.5	-16.185	0	2.5	0	
-15.69	0.5	-16.185	0	2.5	0	
-15.69	0.5	-16.185	0	2.5	-4	
-15.69	0.5	-16.185	0	2.5	-4	
-15.69	0.5	-16.185	0	2.5	-4	
-15.69	0.5	-16.185	0	2.5	-4	
-15.69	0.5	-16.185	0	2.5	-4	
-15.69	0.5	-16.185	0	2.5	-4	
-15.69	0.5	-16.185	0	2.5	-4	
-15.69	0.5	-16.185	0	2.5	-4	
-15.69	0.5	-16.185	0	2.5	-4	
-15.69	0.5	-16.185	0	2.5	-4	
-15.69	0.5	-16.185	0	2.5	-8	
-15.69	0.5	-16.185	0	2.5	-8	
-15.69	0.5	-16.185	0	2.5	-8	
-15.69	0.5	-16.185	0	2.5	-8	
-15.69	0.5	-16.185	0	2.5	-8	
-15.69	0.5	-16.185	0	2.5	-8	
-15.69	0.5	-16.185	0	2.5	-8	
-15.69	0.5	-16.185	0	2.5	-8	
-15.69	0.5	-16.185	0	2.5	-8	
-15.69	0.5	-16.185	0	2.5	-8	
-15.69	0.5	-16.185	0	2.5	-12	
-15.69	0.5	-16.185	0	2.5	-12	
-15.69	0.5	-16.185	0	2.5	-12	
-15.69	0.5	-16.185	0	2.5	-12	
-15.69	0.5	-16.185	0	2.5	-12	
-15.69	0.5	-16.185	0	2.5	-12	
-15.69	0.5	-16.185	0	2.5	-12	
-15.69	0.5	-16.185	0	2.5	-12	
-15.69	0.5	-16.185	0	2.5	-12	
-15.69	0.5	-16.185	0	2.5	-12	
-15.69	0.5	-16.185	0	2.5	-16	
-15.69	0.5	-16.185	0	2.5	-16	
-15.69	0.5	-16.185	0	2.5	-16	
-15.69	0.5	-16.185	0	2.5	-16	
-15.69	0.5	-16.185	0	2.5	-16	
-15.69	0.5	-16.185	0	2.5	-16	
-15.69	0.5	-16.185	0	2.5	-16	
-15.69	0.5	-16.185	0	2.5	-16	
-15.69	0.5	-16.185	0	2.5	-16	
-15.69	0.5	-16.185	0	2.5	-16	
-15.69	0.5	-16.185	-4	2.5	-16	
-15.69	0.5	-16.185	-4	2.5	-16	
-15.69	0.5	-16.185	-4	2.5	-16	
-15.69	0.5	-16.185	-4	2.5	-16	
-15.69	0.5	-16.185	-4	2.5	-16	
-15.69	0.5	-16.185	-4	2.5	-16	
-15.69	0.5	-16.185	-4	2.5	-16	
-15.69	0.5	-16.185	-4	2.5	-16	
-15.69	0.5	-16.185	-4	2.5	-16	
-15.69	0.5	-16.185	-4	2.5	-16	
-15.69	0.5	-16.185	-8	2.5	-16	
-15.69	0.5	-16.185	-8	2.5	-16	
-15.69	0.5	-16.185	-8	2.5	-16	
-15.69	0.5	-16.185	-8	2.5	-16	
-15.69	0.5	-16.185	-8	2.5	-16	
-15.69	0.5	-16.185	-8	2.5	-16	
-15.69	0.5	-16.185	-8	2.5	-16	
-15.69	0.5	-16.185	-8	2.5	-16	
-15.69	0.5	-16.185	-8	2.5	-16	
-15.69	0.5	-16.185	-8	2.5	-16	
22.156	0.5	-1.984	0	2.5	0	
22.156	0.5	-1.984	0	2.5	0	
22.156	0.5	-1.984	0	2.5	0	
22.156	0.5	-1.984	0	2.5	0	
22.156	0.5	-1.984	0	2.5	0	
22.156	0.5	-1.984	0	2.5	0	
22.156	0.5	-1.984	0	2.5	0	
22.156	0.5	-1.984	0	2.5	0	
22.156	0.5	-1.984	0	2.5	0	
22.156	0.5	-1.984	0	2.5	0	
22.156	0.5	-1.984	4	2.5	0	
22.156	0.5	-1.984	4	2.5	0	
22.156	0.5	-1.984	4	2.5	0	
22.156	0.5	-1.984	4	2.5	0	
22.156	0.5	-1.984	4	2.5	0	
22.156	0.5	-1.984	4	2.5	0	
22.156	0.5	-1.984	4	2.5	0	
22.156	0.5	-1.984	4	2.5	0	
22.156	0.5	-1.984	4	2.5	0	
22.156	0.5	-1.984	4	2.5	0	
22.156	0.5	-1.984	8	2.5	0	
22.156	0.5	-1.984	8	2.5	0	
22.156	0.5	-1.984	8	2.5	0	
22.156	0.5	-1.984	8	2.5	0	
22.156	0.5	-1.984	8	2.5	0	
22.156	0.5	-1.984	8	2.5	0	
22.156	0.5	-1.984	8	2.5	0	
22.156	0.5	-1.984	8	2.5	0	
22.156	0.5	-1.984	8	2.5	0	
22.156	0.5	-1.984	8	2.5	0	
22.156	0.5	-1.984	12	2.5	0	
22.156	0.5	-1.984	12	2.5	0	
22.156	0.5	-1.984	12	2.5	0	
22.156	0.5	-1.984	12	2.5	0	
22.156	0.5	-1.984	12	2.5	0	
22.156	0.5	-1.984	12	2.5	0	
22.156	0.5	-1.984	12	2.5	0	
22.156	0.5	-1.984	12	2.5	0	
22.156	0.5	-1.984	12	2.5	0	
22.156	0.5	-1.984	12	2.5	0	
22.156	0.5	-1.984	16	2.5	0	
22.156	0.5	-1.984	16	2.5	0	
22.156	0.5	-1.984	16	2.5	0	
22.156	0.5	-1.984	16	2.5	0	
22.156	0.5	-1.984	16	2.5	0	
22.156	0.5	-1.984	16	2.5	0	
22.156	0.5	-1.984	16	2.5	0	
22.156	0.5	-1.984	16	2.5	0	
22.156	0.5	-1.984	16	2.5	0	
22.156	0.5	-1.984	16	2.5	0	
17.831	0.5	-17.638	0	2.5	0	
17.831	0.5	-17.638	0	2.5	0	
17.831	0.5	-17.638	0	2.5	0	
17.831	0.5	-17.638	0	2.5	0	
17.831	0.5	-17.638	0	2.5	0	
17.831	0.5	-17.638	0	2.5	0	
17.831	0.5	-17.638	0	2.5	0	
17.831	0.5	-17.638	0	2.5	0	
17.831	0.5	-17.638	0	2.5	0	
17.831	0.5	-17.638	0	2.5	0	
17.831	0.5	-17.638	0	2.5	-4	
17.831	0.5	-17.638	0	2.5	-4	
17.831	0.5	-17.638	0	2.5	-4	
17.831	0.5	-17.638	0	2.5	-4	
17.831	0.5	-17.638	0	2.5	-4	
17.831	0.5	-17.638	0	2.5	-4	
17.831	0.5	-17.638	0	2.5	-4	
17.831	0.5	-17.638	0	2.5	-4	
17.831	0.5	-17.638	0	2.5	-4	
17.831	0.5	-17.638	0	2.5	-4	
17.831	0.5	-17.638	0	2.5	-8	
17.831	0.5	-17.638	0	2.5	-8	
17.831	0.5	-17.638	0	2.5	-8	
17.831	0.5	-17.638	0	2.5	-8	
17.831	0.5	-17.638	0	2.5	-8	
17.831	0.5	-17.638	0	2.5	-8	
17.831	0.5	-17.638	0	2.5	-8	
17.831	0.5	-17.638	0	2.5	-8	
17.831	0.5	-17.638	0	2.5	-8	
17.831	0.5	-17.638	0	2.5	-8	
17.831	0.5	-17.638	0	2.5	-12	
17.831	0.5	-17.638	0	2.5	-12	
17.831	0.5	-17.638	0	2.5	-12	
17.831	0.5	-17.638	0	2.5	-12	
17.831	0.5	-17.638	0	2.5	-12	
17.831	0.5	-17.638	0	2.5	-12	
17.831	0.5	-17.638	0	2.5	-12	
17.831	0.5	-17.638	0	2.5	-12	
17.831	0.5	-17.638	0	2.5	-12	
17.831	0.5	-17.638	0	2.5	-12	
17.831	0.5	-17.638	0	2.5	-16	
17.831	0.5	-17.638	0	2.5	-16	
17.831	0.5	-17.638	0	2.5	-16	
17.831	0.5	-17.638	0	2.5	-16	
17.831	0.5	-17.638	0	2.5	-16	
17.831	0.5	-17.638	0	2.5	-16	
17.831	0.5	-17.638	0	2.5	-16	
17.831	0.5	-17.638	0	2.5	-16	
17.831	0.5	-17.638	0	2.5	-16	
17.831	0.5	-17.638	0	2.5	-16	
17.831	0.5	-17.638	4	2.5	-16	
17.831	0.5	-17.638	4	2.5	-16	
17.831	0.5	-17.638	4	2.5	-16	
17.831	0.5	-17.638	4	2.5	-16	
17.831	0.5	-17.638	4	2.5	-16	
17.831	0.5	-17.638	4	2.5	-16	
17.831	0.5	-17.638	4	2.5	-16	
17.831	0.5	-17.638	4	2.5	-16	
17.831	0.5	-17.638	4	2.5	-16	
17.831	0.5	-17.638	4	2.5	-16	
17.831	0.5	-17.638	8	2.5	-16	
17.831	0.5	-17.638	8	2.5	-16	
17.831	0.5	-17.638	8	2.5	-16	
17.831	0.5	-17.638	8	2.5	-16	
17.831	0.5	-17.638	8	2.5	-16	
17.831	0.5	-17.638	8	2.5	-16	
17.831	0.5	-17.638	8	2.5	-16	
17.831	0.5	-17.638	8	2.5	-16	
17.831	0.5	-17.638	8	2.5	-16	
17.831	0.5	-17.638	8	2.5	-16	
17.831	0.5	-17.638	12	2.5	-16	
17.831	0.5	-17.638	12	2.5	-16	
17.831	0.5	-17.638	12	2.5	-16	
17.831	0.5	-17.638	12	2.5	-16	
17.831	0.5	-17.638	12	2.5	-16	
17.831	0.5	-17.638	12	2.5	-16	
17.831	0.5	-17.638	12	2.5	-16	
17.831	0.5	-17.638	12	2.5	-16	
17.831	0.5	-17.638	12	2.5	-16	
17.831	0.5	-17.638	12	2.5	-16	
-4.206	0.5	6.983	0	2.5	0	
-4.206	0.5	6.983	0	2.5	0	
-4.206	0.5	6.983	0	2.5	0	
-4.206	0.5	6.983	0	2.5	0	
-4.206	0.5	6.983	0	2.5	0	
-4.206	0.5	6.983	0	2.5	0	
-4.206	0.5	6.983	0	2.5	0	
-4.206	0.5	6.983	0	2.5	0	
-4.206	0.5	6.983	0	2.5	0	
-4.206	0.5	6.983	0	2.5	0	
15.658	0.5	17.816	0	2.5	0	
15.658	0.5	17.816	0	2.5	0	
15.658	0.5	17.816	0	2.5	0	
15.658	0.5	17.816	0	2.5	0	
15.658	0.5	17.816	0	2.5	0	
15.658	0.5	17.816	0	2.5	0	
15.658	0.5	17.816	0	2.5	0	
15.658	0.5	17.816	0	2.5	0	
15.658	0.5	17.816	0	2.5	0	
15.658	0.5	17.816	0	2.5	0	
15.658	0.5	17.816	0	2.5	4	
15.658	0.5	17.816	0	2.5	4	
15.658	0.5	17.816	0	2.5	4	
15.658	0.5	17.816	0	2.5	4	
15.658	0.5	17.816	0	2.5	4	
15.658	0.5	17.816	0	2.5	4	
15.658	0.5	17.816	0	2.5	4	
15.658	0.5	17.816	0	2.5	4	
15.658	0.5	17.816	0	2.5	4	
15.658	0.5	17.816	0	2.5	4	
15.658	0.5	17.816	0	2.5	8	
15.658	0.5	17.816	0	2.5	8	
15.658	0.5	17.816	0	2.5	8	
15.658	0.5	17.816	0	2.5	8	
15.658	0.5	17.816	0	2.5	8	
15.658	0.5	17.816	0	2.5	8	
15.658	0.5	17.816	0	2.5	8	
15.658	0.5	17.816	0	2.5	8	
15.658	0.5	17.816	0	2.5	8	
15.658	0.5	17.816	0	2.5	8	
15.658	0.5	17.816	0	2.5	12	
15.658	0.5	17.816	0	2.5	12	
15.658	0.5	17.816	0	2.5	12	
15.658	0.5	17.816	0	2.5	12	
15.658	0.5	17.816	0	2.5	12	
15.658	0.5	17.816	0	2.5	12	
15.658	0.5	17.816	0	2.5	12	
15.658	0.5	17.816	0	2.5	12	
15.658	0.5	17.816	0	2.5	12	
15.658	0.5	17.816	0	2.5	12	
15.658	0.5	17.816	0	2.5	16	
15.658	0.5	17.816	0	2.5	16	
15.658	0.5	17.816	0	2.5	16	
15.658	0.5	17.816	0	2.5	16	
15.658	0.5	17.816	0	2.5	16	
15.658	0.5	17.816	0	2.5	16	
15.658	0.5	17.816	0	2.5	16	
15.658	0.5	17.816	0	2.5	16	
15.658	0.5	17.816	0	2.5	16	
15.658	0.5	17.816	0	2.5	16	
15.658	0.5	17.816	0	2.5	20	
15.658	0.5	17.816	0	2.5	20	
15.658	0.5	17.816	0	2.5	20	
15.658	0.5	17.816	0	2.5	20	
15.658	0.5	17.816	0	2.5	20	
15.658	0.5	17.816	0	2.5	20	
15.658	0.5	17.816	0	2.5	20	
15.658	0.5	17.816	0	2.5	20	
15.658	0.5	17.816	0	2.5	20	
15.658	0.5	17.816	0	2.5	20	
15.658	0.5	17.816	4	2.5	20	
15.658	0.5	17.816	4	2.5	20	
15.658	0.5	17.816	4	2.5	20	
15.658	0.5	17.816	4	2.5	20	
15.658	0.5	17.816	4	2.5	20	
15.658	0.5	17.816	4	2.5	20	
15.658	0.5	17.816	4	2.5	20	
15.658	0.5	17.816	4	2.5	20	
15.658	0.5	17.816	4	2.5	20	
15.658	0.5	17.816	4	2.5	20	
15.658	0.5	17.816	8	2.5	20	
15.658	0.5	17.816	8	2.5	20	
15.658	0.5	17.816	8	2.5	20	
15.658	0.5	17.816	8	2.5	20	
15.658	0.5	17.816	8	2.5	20	
15.658	0.5	17.816	8	2.5	20	
15.658	0.5	17.816	8	2.5	20	
15.658	0.5	17.816	8	2.5	20	
15.658	0.5	17.816	8	2.5	20	
15.658	0.5	17.816	8	2.5	20	
-21.413	0.5	-14.559	0	2.5	0	
-21.413	0.5	-14.559	0	2.5	0	
-21.413	0.5	-14.559	0	2.5	0	
-21.413	0.5	-14.559	0	2.5	0	
-21.413	0.5	-14.559	0	2.5	0	
-21.413	0.5	-14.559	0	2.5	0	
-21.413	0.5	-14.559	0	2.5	0	
-21.413	0.5	-14.559	0	2.5	0	
-21.413	0.5	-14.559	0	2.5	0	
-21.413	0.5	-14.559	0	2.5	0	
-21.413	0.5	-14.559	0	2.5	-4	
-21.413	0.5	-14.559	0	2.5	-4	
-21.413	0.5	-14.559	0	2.5	-4	
-21.413	0.5	-14.559	0	2.5	-4	
-21.413	0.5	-14.559	0	2.5	-4	
-21.413	0.5	-14.559	0	2.5	-4	
-21.413	0.5	-14.559	0	2.5	-4	
-21.413	0.5	-14.559	0	2.5	-4	
-21.413	0.5	-14.559	0	2.5	-4	
-21.413	0.5	-14.559	0	2.5	-4	
-21.413	0.5	-14.559	0	2.5	-8	
-21.413	0.5	-14.559	0	2.5	-8	
-21.413	0.5	-14.559	0	2.5	-8	
-21.413	0.5	-14.559	0	2.5	-8	
-21.413	0.5	-14.559	0	2.5	-8	
-21.413	0.5	-14.559	0	2.5	-8	
-21.413	0.5	-14.559	0	2.5	-8	
-21.413	0.5	-14.559	0	2.5	-8	
-21.413	0.5	-14.559	0	2.5	-8	
-21.413	0.5	-14.559	0	2.5	-8	
-21.413	0.5	-14.559	0	2.5	-12	
-21.413	0.5	-14.559	0	2.5	-12	
-21.413	0.5	-14.559	0	2.5	-12	
-21.413	0.5	-14.559	0	2.5	-12	
-21.413	0.5	-14.559	0	2.5	-12	
-21.413	0.5	-14.559	0	2.5	-12	
-21.413	0.5	-14.559	0	2.5	-12	
-21.413	0.5	-14.559	0	2.5	-12	
-21.413	0.5	-14.559	0	2.5	-12	
-21.413	0.5	-14.559	0	2.5	-12	
-21.413	0.5	-14.559	-4	2.5	-12	
-21.413	0.5	-14.559	-4	2.5	-12	
-21.413	0.5	-14.559	-4	2.5	-12	
-21.413	0.5	-14.559	-4	2.5	-12	
-21.413	0.5	-14.559	-4	2.5	-12	
-21.413	0.5	-14.559	-4	2.5	-12	
-21.413	0.5	-14.559	-4	2.5	-12	
-21.413	0.5	-14.559	-4	2.5	-12	
-21.413	0.5	-14.559	-4	2.5	-12	
-21.413	0.5	-14.559	-4	2.5	-12	
-21.413	0.5	-14.559	-8	2.5	-12	
-21.413	0.5	-14.559	-8	2.5	-12	
-21.413	0.5	-14.559	-8	2.5	-12	
-21.413	0.5	-14.559	-8	2.5	-12	
-21.413	0.5	-14.559	-8	2.5	-12	
-21.413	0.5	-14.559	-8	2.5	-12	
-21.413	0.5	-14.559	-8	2.5	-12	
-21.413	0.5	-14.559	-8	2.5	-12	
-21.413	0.5	-14.559	-8	2.5	-12	
-21.413	0.5	-14.559	-8	2.5	-12	
-21.413	0.5	-14.559	-12	2.5	-12	
-21.413	0.5	-14.559	-12	2.5	-12	
-21.413	0.5	-14.559	-12	2.5	-12	
-21.413	0.5	-14.559	-12	2.5	-12	
-21.413	0.5	-14.559	-12	2.5	-12	
-21.413	0.5	-14.559	-12	2.5	-12	
-21.413	0.5	-14.559	-12	2.5	-12	
-21.413	0.5	-14.559	-12	2.5	-12	
-21.413	0.5	-14.559	-12	2.5	-12	
-21.413	0.5	-14.559	-12	2.5	-12	
-21.413	0.5	-14.559	-16	2.5	-12	
-21.413	0.5	-14.559	-16	2.5	-12	
-21.413	0.5	-14.559	-16	2.5	-12	
-21.413	0.5	-14.559	-16	2.5	-12	
-21.413	0.5	-14.559	-16	2.5	-12	
-21.413	0.5	-14.559	-16	2.5	-12	
-21.413	0.5	-14.559	-16	2.5	-12	
-21.413	0.5	-14.559	-16	2.5	-12	
-21.413	0.5	-14.559	-16	2.5	-12	
-21.413	0.5	-14.559	-16	2.5	-12	
6.048	0.5	-21.413	0	2.5	0	
6.048	0.5	-21.413	0	2.5	0	
6.048	0.5	-21.413	0	2.5	0	
6.048	0.5	-21.413	0	2.5	0	
6.048	0.5	-21.413	0	2.5	0	
6.048	0.5	-21.413	0	2.5	0	
6.048	0.5	-21.413	0	2.5	0	
6.048	0.5	-21.413	0	2.5	0	
6.048	0.5	-21.413	0	2.5	0	
6.048	0.5	-21.413	0	2.5	0	
6.048	0.5	-21.413	0	2.5	-4	
6.048	0.5	-21.413	0	2.5	-4	
6.048	0.5	-21.413	0	2.5	-4	
6.048	0.5	-21.413	0	2.5	-4	
6.048	0.5	-21.413	0	2.5	-4	
6.048	0.5	-21.413	0	2.5	-4	
6.048	0.5	-21.413	0	2.5	-4	
6.048	0.5	-21.413	0	2.5	-4	
6.048	0.5	-21.413	0	2.5	-4	
6.048	0.5	-21.413	0	2.5	-4	
6.048	0.5	-21.413	0	2.5	-8	
6.048	0.5	-21.413	0	2.5	-8	
6.048	0.5	-21.413	0	2.5	-8	
6.048	0.5	-21.413	0	2.5	-8	
6.048	0.5	-21.413	0	2.5	-8	
6.048	0.5	-21.413	0	2.5	-8	
6.048	0.5	-21.413	0	2.5	-8	
6.048	0.5	-21.413	0	2.5	-8	
6.048	0.5	-21.413	0	2.5	-8	
6.048	0.5	-21.413	0	2.5	-8	
6.048	0.5	-21.413	0	2.5	-12	
6.048	0.5	-21.413	0	2.5	-12	
6.048	0.5	-21.413	0	2.5	-12	
6.048	0.5	-21.413	0	2.5	-12	
6.048	0.5	-21.413	0	2.5	-12	
6.048	0.5	-21.413	0	2.5	-12	
6.048	0.5	-21.413	0	2.5	-12	
6.048	0.5	-21.413	0	2.5	-12	
6.048	0.5	-21.413	0	2.5	-12	
6.048	0.5	-21.413	0	2.5	-12	
6.048	0.5	-21.413	0	2.5	-16	
6.048	0.5	-21.413	0	2.5	-16	
6.048	0.5	-21.413	0	2.5	-16	
6.048	0.5	-21.413	0	2.5	-16	
6.048	0.5	-21.413	0	2.5	-16	
6.048	0.5	-21.413	0	2.5	-16	
6.048	0.5	-21.413	0	2.5	-16	
6.048	0.5	-21.413	0	2.5	-16	
6.048	0.5	-21.413	0	2.5	-16	
6.048	0.5	-21.413	0	2.5	-16	
6.048	0.5	-21.413	0	2.5	-20	
6.048	0.5	-21.413	0	2.5	-20	
6.048	0.5	-21.413	0	2.5	-20	
6.048	0.5	-21.413	0	2.5	-20	
6.048	0.5	-21.413	0	2.5	-20	
6.048	0.5	-21.413	0	2.5	-20	
6.048	0.5	-21.413	0	2.5	-20	
6.048	0.5	-21.413	0	2.5	-20	
6.048	0.5	-21.413	0	2.5	-20	
6.048	0.5	-21.413	0	2.5	-20	
4.847	0.5	7.114	0	0	0	
4.847	0.5	7.114	0	0	0	
4.847	0.5	7.114	0	0	0	
4.847	0.5	7.114	0	0	0	
4.847	0.5	7.114	0	0	0	
4.847	0.5	7.114	0	0	0	
4.847	0.5	7.114	0	0	0	
4.847	0.5	7.114	0	0	0	
4.847	0.5	7.114	0	0	0	
4.847	0.5	7.114	0	0	0	
4.847	0.5	7.114	4	2.5	0	
4.847	0.5	7.114	4	2.5	0	
4.847	0.5	7.114	4	2.5	0	
4.847	0.5	7.114	4	2.5	0	
4.847	0.5	7.114	4	2.5	0	
4.847	0.5	7.114	4	2.5	0	
4.847	0.5	7.114	4	2.5	0	
4.847	0.5	7.114	4	2.5	0	
4.847	0.5	7.114	4	2.5	0	
4.847	0.5	7.114	4	2.5	0	
-6.734	0.5	-1.414	0	2.5	0	
-6.734	0.5	-1.414	0	2.5	0	
-6.734	0.5	-1.414	0	2.5	0	
-6.734	0.5	-1.414	0	2.5	0	
-6.734	0.5	-1.414	0	2.5	0	
-6.734	0.5	-1.414	0	2.5	0	
-6.734	0.5	-1.414	0	2.5	0	
-6.734	0.5	-1.414	0	2.5	0	
-6.734	0.5	-1.414	0	2.5	0	
-6.734	0.5	-1.414	0	2.5	0	
-18.096	0.5	6.15	0	0	0	
-18.096	0.5	6.15	0	0	0	
-18.096	0.5	6.15	0	0	0	
-18.096	0.5	6.15	0	0	0	
-18.096	0.5	6.15	0	0	0	
-18.096	0.5	6.15	0	0	0	
-18.096	0.5	6.15	0	0	0	
-18.096	0.5	6.15	0	0	0	
-18.096	0.5	6.15	0	0	0	
-18.096	0.5	6.15	0	0	0	
-18.096	0.5	6.15	-4	2.5	0	
-18.096	0.5	6.15	-4	2.5	0	
-18.096	0.5	6.15	-4	2.5	0	
-18.096	0.5	6.15	-4	2.5	0	
-18.096	0.5	6.15	-4	2.5	0	
-18.096	0.5	6.15	-4	2.5	0	
-18.096	0.5	6.15	-4	2.5	0	
-18.096	0.5	6.15	-4	2.5	0	
-18.096	0.5	6.15	-4	2.5	0	
-18.096	0.5	6.15	-4	2.5	0	
-18.096	0.5	6.15	-8	2.5	0	
-18.096	0.5	6.15	-8	2.5	0	
-18.096	0.5	6.15	-8	2.5	0	
-18.096	0.5	6.15	-8	2.5	0	
-18.096	0.5	6.15	-8	2.5	0	
-18.096	0.5	6.15	-8	2.5	0	
-18.096	0.5	6.15	-8	2.5	0	
-18.096	0.5	6.15	-8	2.5	0	
-18.096	0.5	6.15	-8	2.5	0	
-18.096	0.5	6.15	-8	2.5	0	
-18.096	0.5	6.15	-12	2.5	0	
-18.096	0.5	6.15	-12	2.5	0	
-18.096	0.5	6.15	-12	2.5	0	
-18.096	0.5	6.15	-12	2.5	0	
-18.096	0.5	6.15	-12	2.5	0	
-18.096	0.5	6.15	-12	2.5	0	
-18.096	0.5	6.15	-12	2.5	0	
-18.096	0.5	6.15	-12	2.5	0	
-18.096	0.5	6.15	-12	2.5	0	
-18.096	0.5	6.15	-12	2.5	0	
-18.096	0.5	6.15	-16	2.5	0	
-18.096	0.5	6.15	-16	2.5	0	
-18.096	0.5	6.15	-16	2.5	0	
-18.096	0.5	6.15	-16	2.5	0	
-18.096	0.5	6.15	-16	2.5	0	
-18.096	0.5	6.15	-16	2.5	0	
-18.096	0.5	6.15	-16	2.5	0	
-18.096	0.5	6.15	-16	2.5	0	
-18.096	0.5	6.15	-16	2.5	0	
-18.096	0.5	6.15	-16	2.5	0	
0.031	0.5	6.115	0	2.5	0	
0.031	0.5	6.115	0	2.5	0	
0.031	0.5	6.115	0	2.5	0	
0.031	0.5	6.115	0	2.5	0	
0.031	0.5	6.115	0	2.5	0	
0.031	0.5	6.115	0	2.5	0	
0.031	0.5	6.115	0	2.5	0	
0.031	0.5	6.115	0	2.5	0	
0.031	0.5	6.115	0	2.5	0	
0.031	0.5	6.115	0	2.5	0	
-19.156	0.5	8.225	0	2.5	0	
-19.156	0.5	8.225	0	2.5	0	
-19.156	0.5	8.225	0	2.5	0	
-19.156	0.5	8.225	0	2.5	0	
-19.156	0.5	8.225	0	2.5	0	
-19.156	0.5	8.225	0	2.5	0	
-19.156	0.5	8.225	0	2.5	0	
-19.156	0.5	8.225	0	2.5	0	
-19.156	0.5	8.225	0	2.5	0	
-19.156	0.5	8.225	0	2.5	0	
-19.156	0.5	8.225	0	2.5	4	
-19.156	0.5	8.225	0	2.5	4	
-19.156	0.5	8.225	0	2.5	4	
-19.156	0.5	8.225	0	2.5	4	
-19.156	0.5	8.225	0	2.5	4	
-19.156	0.5	8.225	0	2.5	4	
-19.156	0.5	8.225	0	2.5	4	
-19.156	0.5	8.225	0	2.5	4	
-19.156	0.5	8.225	0	2.5	4	
-19.156	0.5	8.225	0	2.5	4	
-19.156	0.5	8.225	0	2.5	8	
-19.156	0.5	8.225	0	2.5	8	
-19.156	0.5	8.225	0	2.5	8	
-19.156	0.5	8.225	0	2.5	8	
-19.156	0.5	8.225	0	2.5	8	
-19.156	0.5	8.225	0	2.5	8	
-19.156	0.5	8.225	0	2.5	8	
-19.156	0.5	8.225	0	2.5	8	
-19.156	0.5	8.225	0	2.5	8	
-19.156	0.5	8.225	0	2.5	8	
-19.156	0.5	8.225	-4	2.5	8	
-19.156	0.5	8.225	-4	2.5	8	
-19.156	0.5	8.225	-4	2.5	8	
-19.156	0.5	8.225	-4	2.5	8	
-19.156	0.5	8.225	-4	2.5	8	
-19.156	0.5	8.225	-4	2.5	8	
-19.156	0.5	8.225	-4	2.5	8	
-19.156	0.5	8.225	-4	2.5	8	
-19.156	0.5	8.225	-4	2.5	8	
-19.156	0.5	8.225	-4	2.5	8	
-19.156	0.5	8.225	-8	2.5	8	
-19.156	0.5	8.225	-8	2.5	8	
-19.156	0.5	8.225	-8	2.5	8	
-19.156	0.5	8.225	-8	2.5	8	
-19.156	0.5	8.225	-8	2.5	8	
-19.156	0.5	8.225	-8	2.5	8	
-19.156	0.5	8.225	-8	2.5	8	
-19.156	0.5	8.225	-8	2.5	8	
-19.156	0.5	8.225	-8	2.5	8	
-19.156	0.5	8.225	-8	2.5	8	
-19.156	0.5	8.225	-12	2.5	8	
-19.156	0.5	8.225	-12	2.5	8	
-19.156	0.5	8.225	-12	2.5	8	
-19.156	0.5	8.225	-12	2.5	8	
-19.156	0.5	8.225	-12	2.5	8	
-19.156	0.5	8.225	-12	2.5	8	
-19.156	0.5	8.225	-12	2.5	8	
-19.156	0.5	8.225	-12	2.5	8	
-19.156	0.5	8.225	-12	2.5	8	
-19.156	0.5	8.225	-12	2.5	8	
3.334	0.5	-15.109	0	2.5	0	
3.334	0.5	-15.109	0	2.5	0	
3.334	0.5	-15.109	0	2.5	0	
3.334	0.5	-15.109	0	2.5	0	
3.334	0.5	-15.109	0	2.5	0	
3.334	0.5	-15.109	0	2.5	0	
3.334	0.5	-15.109	0	2.5	0	
3.334	0.5	-15.109	0	2.5	0	
3.334	0.5	-15.109	0	2.5	0	
3.334	0.5	-15.109	0	2.5	0	
3.334	0.5	-15.109	0	2.5	-4	
3.334	0.5	-15.109	0	2.5	-4	
3.334	0.5	-15.109	0	2.5	-4	
3.334	0.5	-15.109	0	2.5	-4	
3.334	0.5	-15.109	0	2.5	-4	
3.334	0.5	-15.109	0	2.5	-4	
3.334	0.5	-15.109	0	2.5	-4	
3.334	0.5	-15.109	0	2.5	-4	
3.334	0.5	-15.109	0	2.5	-4	
3.334	0.5	-15.109	0	2.5	-4	
3.334	0.5	-15.109	0	2.5	-8	
3.334	0.5	-15.109	0	2.5	-8	
3.334	0.5	-15.109	0	2.5	-8	
3.334	0.5	-15.109	0	2.5	-8	
3.334	0.5	-15.109	0	2.5	-8	
3.334	0.5	-15.109	0	2.5	-8	
3.334	0.5	-15.109	0	2.5	-8	
3.334	0.5	-15.109	0	2.5	-8	
3.334	0.5	-15.109	0	2.5	-8	
3.334	0.5	-15.109	0	2.5	-8	
-12.967	0.5	8.921	0	2.5	0	
-12.967	0.5	8.921	0	2.5	0	
-12.967	0.5	8.921	0	2.5	0	
-12.967	0.5	8.921	0	2.5	0	
-12.967	0.5	8.921	0	2.5	0	
-12.967	0.5	8.921	0	2.5	0	
-12.967	0.5	8.921	0	2.5	0	
-12.967	0.5	8.921	0	2.5	0	
-12.967	0.5	8.921	0	2.5	0	
-12.967	0.5	8.921	0	2.5	0	
-12.967	0.5	8.921	0	2.5	4	
-12.967	0.5	8.921	0	2.5	4	
-12.967	0.5	8.921	0	2.5	4	
-12.967	0.5	8.921	0	2.5	4	
-12.967	0.5	8.921	0	2.5	4	
-12.967	0.5	8.921	0	2.5	4	
-12.967	0.5	8.921	0	2.5	4	
-12.967	0.5	8.921	0	2.5	4	
-12.967	0.5	8.921	0	2.5	4	
-12.967	0.5	8.921	0	2.5	4	
-12.967	0.5	8.921	0	2.5	8	
-12.967	0.5	8.921	0	2.5	8	
-12.967	0.5	8.921	0	2.5	8	
-12.967	0.5	8.921	0	2.5	8	
-12.967	0.5	8.921	0	2.5	8	
-12.967	0.5	8.921	0	2.5	8	
-12.967	0.5	8.921	0	2.5	8	
-12.967	0.5	8.921	0	2.5	8	
-12.967	0.5	8.921	0	2.5	8	
-12.967	0.5	8.921	0	2.5	8	
-12.967	0.5	8.921	-4	2.5	8	
-12.967	0.5	8.921	-4	2.5	8	
-12.967	0.5	8.921	-4	2.5	8	
-12.967	0.5	8.921	-4	2.5	8	
-12.967	0.5	8.921	-4	2.5	8	
-12.967	0.5	8.921	-4	2.5	8	
-12.967	0.5	8.921	-4	2.5	8	
-12.967	0.5	8.921	-4	2.5	8	
-12.967	0.5	8.921	-4	2.5	8	
-12.967	0.5	8.921	-4	2.5	8	
-18.906	0.5	-0.037	0	2.5	0	
-18.906	0.5	-0.037	0	2.5	0	
-18.906	0.5	-0.037	0	2.5	0	
-18.906	0.5	-0.037	0	2.5	0	
-18.906	0.5	-0.037	0	2.5	0	
-18.906	0.5	-0.037	0	2.5	0	
-18.906	0.5	-0.037	0	2.5	0	
-18.906	0.5	-0.037	0	2.5	0	
-18.906	0.5	-0.037	0	2.5	0	
-18.906	0.5	-0.037	0	2.5	0	
-18.906	0.5	-0.037	-4	2.5	0	
-18.906	0.5	-0.037	-4	2.5	0	
-18.906	0.5	-0.037	-4	2.5	0	
-18.906	0.5	-0.037	-4	2.5	0	
-18.906	0.5	-0.037	-4	2.5	0	
-18.906	0.5	-0.037	-4	2.5	0	
-18.906	0.5	-0.037	-4	2.5	0	
-18.906	0.5	-0.037	-4	2.5	0	
-18.906	0.5	-0.037	-4	2.5	0	
-18.906	0.5	-0.037	-4	2.5	0	
-18.906	0.5	-0.037	-8	2.5	0	
-18.906	0.5	-0.037	-8	2.5	0	
-18.906	0.5	-0.037	-8	2.5	0	
-18.906	0.5	-0.037	-8	2.5	0	
-18.906	0.5	-0.037	-8	2.5	0	
-18.906	0.5	-0.037	-8	2.5	0	
-18.906	0.5	-0.037	-8	2.5	0	
-18.906	0.5	-0.037	-8	2.5	0	
-18.906	0.5	-0.037	-8	2.5	0	
-18.906	0.5	-0.037	-8	2.5	0	
-18.906	0.5	-0.037	-12	2.5	0	
-18.906	0.5	-0.037	-12	2.5	0	
-18.906	0.5	-0.037	-12	2.5	0	
-18.906	0.5	-0.037	-12	2.5	0	
-18.906	0.5	-0.037	-12	2.5	0	
-18.906	0.5	-0.037	-12	2.5	0	
-18.906	0.5	-0.037	-12	2.5	0	
-18.906	0.5	-0.037	-12	2.5	0	
-18.906	0.5	-0.037	-12	2.5	0	
-18.906	0.5	-0.037	-12	2.5	0	
14.888	0.5	-7.837	0	2.5	0	
14.888	0.5	-7.837	0	2.5	0	
14.888	0.5	-7.837	0	2.5	0	
14.888	0.5	-7.837	0	2.5	0	
14.888	0.5	-7.837	0	2.5	0	
14.888	0.5	-7.837	0	2.5	0	
14.888	0.5	-7.837	0	2.5	0	
14.888	0.5	-7.837	0	2.5	0	
14.888	0.5	-7.837	0	2.5	0	
14.888	0.5	-7.837	0	2.5	0	
14.888	0.5	-7.837	0	2.5	-4	
14.888	0.5	-7.837	0	2.5	-4	
14.888	0.5	-7.837	0	2.5	-4	
14.888	0.5	-7.837	0	2.5	-4	
14.888	0.5	-7.837	0	2.5	-4	
14.888	0.5	-7.837	0	2.5	-4	
14.888	0.5	-7.837	0	2.5	-4	
14.888	0.5	-7.837	0	2.5	-4	
14.888	0.5	-7.837	0	2.5	-4	
14.888	0.5	-7.837	0	2.5	-4	
14.888	0.5	-7.837	0	2.5	-8	
14.888	0.5	-7.837	0	2.5	-8	
14.888	0.5	-7.837	0	2.5	-8	
14.888	0.5	-7.837	0	2.5	-8	
14.888	0.5	-7.837	0	2.5	-8	
14.888	0.5	-7.837	0	2.5	-8	
14.888	0.5	-7.837	0	2.5	-8	
14.888	0.5	-7.837	0	2.5	-8	
14.888	0.5	-7.837	0	2.5	-8	
14.888	0.5	-7.837	0	2.5	-8	
14.888	0.5	-7.837	4	2.5	-8	
14.888	0.5	-7.837	4	2.5	-8	
14.888	0.5	-7.837	4	2.5	-8	
14.888	0.5	-7.837	4	2.5	-8	
14.888	0.5	-7.837	4	2.5	-8	
14.888	0.5	-7.837	4	2.5	-8	
14.888	0.5	-7.837	4	2.5	-8	
14.888	0.5	-7.837	4	2.5	-8	
14.888	0.5	-7.837	4	2.5	-8	
14.888	0.5	-7.837	4	2.5	-8	
14.888	0.5	-7.837	8	2.5	-8	
14.888	0.5	-7.837	8	2.5	-8	
14.888	0.5	-7.837	8	2.5	-8	
14.888	0.5	-7.837	8	2.5	-8	
14.888	0.5	-7.837	8	2.5	-8	
14.888	0.5	-7.837	8	2.5	-8	
14.888	0.5	-7.837	8	2.5	-8	
14.888	0.5	-7.837	8	2.5	-8	
14.888	0.5	-7.837	8	2.5	-8	
14.888	0.5	-7.837	8	2.5	-8	
19.804	0.5	-5.171	0	2.5	0	
19.804	0.5	-5.171	0	2.5	0	
19.804	0.5	-5.171	0	2.5	0	
19.804	0.5	-5.171	0	2.5	0	
19.804	0.5	-5.171	0	2.5	0	
19.804	0.5	-5.171	0	2.5	0	
19.804	0.5	-5.171	0	2.5	0	
19.804	0.5	-5.171	0	2.5	0	
19.804	0.5	-5.171	0	2.5	0	
19.804	0.5	-5.171	0	2.5	0	
19.804	0.5	-5.171	4	2.5	0	
19.804	0.5	-5.171	4	2.5	0	
19.804	0.5	-5.171	4	2.5	0	
19.804	0.5	-5.171	4	2.5	0	
19.804	0.5	-5.171	4	2.5	0	
19.804	0.5	-5.171	4	2.5	0	
19.804	0.5	-5.171	4	2.5	0	
19.804	0.5	-5.171	4	2.5	0	
19.804	0.5	-5.171	4	2.5	0	
19.804	0.5	-5.171	4	2.5	0	
19.804	0.5	-5.171	8	2.5	0	
19.804	0.5	-5.171	8	2.5	0	
19.804	0.5	-5.171	8	2.5	0	
19.804	0.5	-5.171	8	2.5	0	
19.804	0.5	-5.171	8	2.5	0	
19.804	0.5	-5.171	8	2.5	0	
19.804	0.5	-5.171	8	2.5	0	
19.804	0.5	-5.171	8	2.5	0	
19.804	0.5	-5.171	8	2.5	0	
19.804	0.5	-5.171	8	2.5	0	
19.804	0.5	-5.171	12	2.5	0	
19.804	0.5	-5.171	12	2.5	0	
19.804	0.5	-5.171	12	2.5	0	
19.804	0.5	-5.171	12	2.5	0	
19.804	0.5	-5.171	12	2.5	0	
19.804	0.5	-5.171	12	2.5	0	
19.804	0.5	-5.171	12	2.5	0	
19.804	0.5	-5.171	12	2.5	0	
19.804	0.5	-5.171	12	2.5	0	
19.804	0.5	-5.171	12	2.5	0	
19.804	0.5	-5.171	16	2.5	0	
19.804	0.5	-5.171	16	2.5	0	
19.804	0.5	-5.171	16	2.5	0	
19.804	0.5	-5.171	16	2.5	0	
19.804	0.5	-5.171	16	2.5	0	
19.804	0.5	-5.171	16	2.5	0	
19.804	0.5	-5.171	16	2.5	0	
19.804	0.5	-5.171	16	2.5	0	
19.804	0.5	-5.171	16	2.5	0	
19.804	0.5	-5.171	16	2.5	0	
19.804	0.5	-5.171	20	2.5	0	
19.804	0.5	-5.171	20	2.5	0	
19.804	0.5	-5.171	20	2.5	0	
19.804	0.5	-5.171	20	2.5	0	
19.804	0.5	-5.171	20	2.5	0	
19.804	0.5	-5.171	20	2.5	0	
19.804	0.5	-5.171	20	2.5	0	
19.804	0.5	-5.171	20	2.5	0	
19.804	0.5	-5.171	20	2.5	0	
19.804	0.5	-5.171	20	2.5	0	
13.818	0.5	5.788	0	2.5	0	
13.818	0.5	5.788	0	2.5	0	
13.818	0.5	5.788	0	2.5	0	
13.818	0.5	5.788	0	2.5	0	
13.818	0.5	5.788	0	2.5	0	
13.818	0.5	5.788	0	2.5	0	
13.818	0.5	5.788	0	2.5	0	
13.818	0.5	5.788	0	2.5	0	
13.818	0.5	5.788	0	2.5	0	
13.818	0.5	5.788	0	2.5	0	
13.818	0.5	5.788	4	2.5	0	
13.818	0.5	5.788	4	2.5	0	
13.818	0.5	5.788	4	2.5	0	
13.818	0.5	5.788	4	2.5	0	
13.818	0.5	5.788	4	2.5	0	
13.818	0.5	5.788	4	2.5	0	
13.818	0.5	5.788	4	2.5	0	
13.818	0.5	5.788	4	2.5	0	
13.818	0.5	5.788	4	2.5	0	
13.818	0.5	5.788	4	2.5	0	
13.818	0.5	5.788	8	2.5	0	
13.818	0.5	5.788	8	2.5	0	
13.818	0.5	5.788	8	2.5	0	
13.818	0.5	5.788	8	2.5	0	
13.818	0.5	5.788	8	2.5	0	
13.818	0.5	5.788	8	2.5	0	
13.818	0.5	5.788	8	2.5	0	
13.818	0.5	5.788	8	2.5	0	
13.818	0.5	5.788	8	2.5	0	
13.818	0.5	5.788	8	2.5	0	
13.818	0.5	5.788	12	2.5	0	
13.818	0.5	5.788	12	2.5	0	
13.818	0.5	5.788	12	2.5	0	
13.818	0.5	5.788	12	2.5	0	
13.818	0.5	5.788	12	2.5	0	
13.818	0.5	5.788	12	2.5	0	
13.818	0.5	5.788	12	2.5	0	
13.818	0.5	5.788	12	2.5	0	
13.818	0.5	5.788	12	2.5	0	
13.818	0.5	5.788	12	2.5	0	
-11.917	0.5	-12.704	0	0	0	
-11.917	0.5	-12.704	0	0	0	
-11.917	0.5	-12.704	0	0	0	
-11.917	0.5	-12.704	0	0	0	
-11.917	0.5	-12.704	0	0	0	
-11.917	0.5	-12.704	0	0	0	
-11.917	0.5	-12.704	0	0	0	
-11.917	0.5	-12.704	0	0	0	
-11.917	0.5	-12.704	0	0	0	
-11.917	0.5	-12.704	0	0	0	
-11.917	0.5	-12.704	0	2.5	4	
-11.917	0.5	-12.704	0	2.5	4	
-11.917	0.5	-12.704	0	2.5	4	
-11.917	0.5	-12.704	0	2.5	4	
-11.917	0.5	-12.704	0	2.5	4	
-11.917	0.5	-12.704	0	2.5	4	
-11.917	0.5	-12.704	0	2.5	4	
-11.917	0.5	-12.704	0	2.5	4	
-11.917	0.5	-12.704	0	2.5	4	
-11.917	0.5	-12.704	0	2.5	4	
-11.917	0.5	-12.704	0	2.5	0	
-11.917	0.5	-12.704	0	2.5	0	
-11.917	0.5	-12.704	0	2.5	0	
-11.917	0.5	-12.704	0	2.5	0	
-11.917	0.5	-12.704	0	2.5	0	
-11.917	0.5	-12.704	0	2.5	0	
-11.917	0.5	-12.704	0	2.5	0	
-11.917	0.5	-12.704	0	2.5	0	
-11.917	0.5	-12.704	0	2.5	0	
-11.917	0.5	-12.704	0	2.5	0	
-11.917	0.5	-12.704	0	2.5	-4	
-11.917	0.5	-12.704	0	2.5	-4	
-11.917	0.5	-12.704	0	2.5	-4	
-11.917	0.5	-12.704	0	2.5	-4	
-11.917	0.5	-12.704	0	2.5	-4	
-11.917	0.5	-12.704	0	2.5	-4	
-11.917	0.5	-12.704	0	2.5	-4	
-11.917	0.5	-12.704	0	2.5	-4	
-11.917	0.5	-12.704	0	2.5	-4	
-11.917	0.5	-12.704	0	2.5	-4	
-11.917	0.5	-12.704	0	2.5	-8	
-11.917	0.5	-12.704	0	2.5	-8	
-11.917	0.5	-12.704	0	2.5	-8	
-11.917	0.5	-12.704	0	2.5	-8	
-11.917	0.5	-12.704	0	2.5	-8	
-11.917	0.5	-12.704	0	2.5	-8	
-11.917	0.5	-12.704	0	2.5	-8	
-11.917	0.5	-12.704	0	2.5	-8	
-11.917	0.5	-12.704	0	2.5	-8	
-11.917	0.5	-12.704	0	2.5	-8	
-11.917	0.5	-12.704	0	2.5	-12	
-11.917	0.5	-12.704	0	2.5	-12	
-11.917	0.5	-12.704	0	2.5	-12	
-11.917	0.5	-12.704	0	2.5	-12	
-11.917	0.5	-12.704	0	2.5	-12	
-11.917	0.5	-12.704	0	2.5	-12	
-11.917	0.5	-12.704	0	2.5	-12	
-11.917	0.5	-12.704	0	2.5	-12	
-11.917	0.5	-12.704	0	2.5	-12	
-11.917	0.5	-12.704	0	2.5	-12	
-11.917	0.5	-12.704	-4	2.5	-12	
-11.917	0.5	-12.704	-4	2.5	-12	
-11.917	0.5	-12.704	-4	2.5	-12	
-11.917	0.5	-12.704	-4	2.5	-12	
-11.917	0.5	-12.704	-4	2.5	-12	
-11.917	0.5	-12.704	-4	2.5	-12	
-11.917	0.5	-12.704	-4	2.5	-12	
-11.917	0.5	-12.704	-4	2.5	-12	
-11.917	0.5	-12.704	-4	2.5	-12	
-11.917	0.5	-12.704	-4	2.5	-12	
7.163	0.5	5.62	0	2.5	0	
7.163	0.5	5.62	0	2.5	0	
7.163	0.5	5.62	0	2.5	0	
7.163	0.5	5.62	0	2.5	0	
7.163	0.5	5.62	0	2.5	0	
7.163	0.5	5.62	0	2.5	0	
7.163	0.5	5.62	0	2.5	0	
7.163	0.5	5.62	0	2.5	0	
7.163	0.5	5.62	0	2.5	0	
7.163	0.5	5.62	0	2.5	0	
7.163	0.5	5.62	0	2.5	4	
7.163	0.5	5.62	0	2.5	4	
7.163	0.5	5.62	0	2.5	4	
7.163	0.5	5.62	0	2.5	4	
7.163	0.5	5.62	0	2.5	4	
7.163	0.5	5.62	0	2.5	4	
7.163	0.5	5.62	0	2.5	4	
7.163	0.5	5.62	0	2.5	4	
7.163	0.5	5.62	0	2.5	4	
7.163	0.5	5.62	0	2.5	4	
